scene_id,date,platform,product_type,instrument_mode,polarizations,orbit_state,bbox,center_lat,center_lon
S1A_IW_GRDH_1SDV_20180529T003359_20180529T003424_022112_026403_96EE_COG,2018-05-29 00:33:59.654481+00:00,sentinel-1a,IW_GRDH_1S,IW,"['VV', 'VH']",,"[80.227921, 33.395138, 83.304123, 35.301533]",34.348335500000005,81.76602199999999
S1A_IW_GRDH_1SDV_20180529T003449_20180529T003514_022112_026403_3F21_COG,2018-05-29 00:34:49.654851+00:00,sentinel-1a,IW_GRDH_1S,IW,"['VV', 'VH']",,"[79.639824, 30.382027, 82.613419, 32.294395]",31.338211,81.1266215
S1A_IW_GRDH_1SDV_20180529T003744_20180529T003809_022112_026403_4188_COG,2018-05-29 00:37:44.653862+00:00,sentinel-1a,IW_GRDH_1S,IW,"['VV', 'VH']",,"[77.672028, 19.806326, 80.393089, 21.744661]",20.7754935,79.0325585
S1A_IW_GRDH_1SDV_20180529T003834_20180529T003859_022112_026403_0FF7_COG,2018-05-29 00:38:34.654219+00:00,sentinel-1a,IW_GRDH_1S,IW,"['VV', 'VH']",,"[77.084969, 16.785139, 79.761978, 18.730095]",17.757617,78.4234735
S1A_IW_GRDH_1SDV_20180529T113445_20180529T113510_022119_026436_AE26_COG,2018-05-29 11:34:45.425801+00:00,sentinel-1a,IW_GRDH_1S,IW,"['VV', 'VH']",,"[94.561661, 34.856365, 97.731705, 36.757828]",35.8070965,96.146683
S1A_IW_GRDH_1SDV_20180529T233548_20180529T233613_022126_026474_5F18_COG,2018-05-29 23:35:48.530923+00:00,sentinel-1a,IW_GRDH_1S,IW,"['VV', 'VH']",,"[95.071114, 35.509037, 98.231033, 37.40918]",36.4591085,96.6510735
S1A_IW_GRDH_1SDV_20180529T233703_20180529T233728_022126_026474_AF6D_COG,2018-05-29 23:37:03.530910+00:00,sentinel-1a,IW_GRDH_1S,IW,"['VV', 'VH']",,"[94.159866, 30.994942, 97.141838, 32.904537]",31.9497395,95.650852
S1A_IW_GRDH_1SDV_20180530T121358_20180530T121423_022134_0264B1_AD6B_COG,2018-05-30 12:13:58.402412+00:00,sentinel-1a,IW_GRDH_1S,IW,"['VV', 'VH']",,"[85.913231, 27.888287, 88.838715, 29.808147]",28.848217,87.37597299999999
S1A_IW_GRDH_1SDV_20180531T001735_20180531T001800_022141_0264ED_669A_COG,2018-05-31 00:17:35.770899+00:00,sentinel-1a,IW_GRDH_1S,IW,"['VV', 'VH']",,"[84.314209, 33.182468, 87.364944, 35.088844]",34.135656,85.83957649999999
S1A_IW_GRDH_1SDV_20180531T001940_20180531T002005_022141_0264ED_D419_COG,2018-05-31 00:19:40.771329+00:00,sentinel-1a,IW_GRDH_1S,IW,"['VV', 'VH']",,"[82.925674, 25.631905, 85.753311, 27.555519]",26.593712,84.3394925
S1A_IW_GRDH_1SDV_20180531T002030_20180531T002055_022141_0264ED_64CE_COG,2018-05-31 00:20:30.771212+00:00,sentinel-1a,IW_GRDH_1S,IW,"['VV', 'VH']",,"[82.33313, 22.614904, 85.102875, 24.543663]",23.5792835,83.7180025
S1A_IW_GRDH_1SDV_20180531T002120_20180531T002145_022141_0264ED_AA83_COG,2018-05-31 00:21:20.771119+00:00,sentinel-1a,IW_GRDH_1S,IW,"['VV', 'VH']",,"[81.750389, 19.594311, 84.463806, 21.530273]",20.562292,83.10709750000001
S1A_IW_GRDH_1SDV_20180531T002145_20180531T002210_022141_0264ED_C66B_COG,2018-05-31 00:21:45.771786+00:00,sentinel-1a,IW_GRDH_1S,IW,"['VV', 'VH']",,"[81.461037, 18.083017, 84.142975, 20.023853]",19.053435,82.802006
S1A_IW_GRDH_1SDV_20180531T002424_20180531T002453_022141_0264EE_C40F_COG,2018-05-31 00:24:24.980474+00:00,sentinel-1a,IW_GRDH_1S,IW,"['VV', 'VH']",,"[79.564072, 8.211808, 82.163757, 10.413548]",9.312678,80.86391449999999
S1A_IW_GRDH_1SDV_20180531T002453_20180531T002518_022141_0264EE_D5E4_COG,2018-05-31 00:24:53.989867+00:00,sentinel-1a,IW_GRDH_1S,IW,"['VV', 'VH']",,"[79.24913, 6.702034, 81.803032, 8.663363]",7.682698500000001,80.526081
S1A_IW_GRDH_1SDV_20180531T002518_20180531T002544_022141_0264EE_9DC3_COG,2018-05-31 00:25:18.990377+00:00,sentinel-1a,IW_GRDH_1S,IW,"['VV', 'VH']",,"[78.951942, 5.160273, 81.479156, 7.157525]",6.158899,80.21554900000001
S1A_IW_GRDH_1SDV_20180531T124900_20180531T124929_022149_026528_716E_COG,2018-05-31 12:49:00.854600+00:00,sentinel-1a,IW_GRDH_1S,IW,"['VV', 'VH']",,"[80.143433, 5.74295, 82.726799, 7.952758]",6.847854,81.435116
S1A_IW_GRDH_1SDV_20180531T125448_20180531T125517_022149_026529_7E1A_COG,2018-05-31 12:54:48.396585+00:00,sentinel-1a,IW_GRDH_1S,IW,"['VV', 'VH']",,"[75.7547, 26.751507, 78.67865, 28.915537]",27.833522,77.21667500000001
S1A_IW_GRDH_1SDV_20180531T125542_20180531T125607_022149_026529_C459_COG,2018-05-31 12:55:42.425445+00:00,sentinel-1a,IW_GRDH_1S,IW,"['VV', 'VH']",,"[75.08065, 30.009159, 78.039536, 31.924566]",30.9668625,76.560093
S1A_IW_GRDH_1SDV_20180627T234539_20180627T234604_022549_027151_B5B7_COG,2018-06-27 23:45:39.349855+00:00,sentinel-1a,IW_GRDH_1S,IW,"['VV', 'VH']",,"[91.875122, 29.772949, 94.818871, 31.688034]",30.7304915,93.3469965
S1A_IW_GRDH_1SDV_20180628T012252_20180628T012317_022550_027155_E1D4_COG,2018-06-28 01:22:52.780487+00:00,sentinel-1a,IW_GRDH_1S,IW,"['VV', 'VH']",,"[68.279564, 35.263145, 71.440361, 37.166836]",36.2149905,69.8599625
S1A_IW_GRDH_1SDV_20180628T012407_20180628T012432_022550_027155_9CE0_COG,2018-06-28 01:24:07.780545+00:00,sentinel-1a,IW_GRDH_1S,IW,"['VV', 'VH']",,"[67.418221, 30.740667, 70.411354, 32.65414]",31.6974035,68.9147875
S1A_IW_GRDH_1SDV_20180628T122346_20180628T122411_022557_027182_62E9_COG,2018-06-28 12:23:46.477284+00:00,sentinel-1a,IW_GRDH_1S,IW,"['VV', 'VH']",,"[82.590866, 33.4604, 85.686188, 35.369095]",34.414747500000004,84.13852700000001
S1A_IW_GRDH_1SDV_20180629T002759_20180629T002824_022564_0271BB_C100_COG,2018-06-29 00:27:59.182579+00:00,sentinel-1a,IW_GRDH_1S,IW,"['VV', 'VH']",,"[80.851479, 25.463572, 83.6633, 27.384235]",26.4239035,82.2573895
S1A_IW_GRDH_1SDV_20180629T003054_20180629T003119_022564_0271BB_A932_COG,2018-06-29 00:30:54.183092+00:00,sentinel-1a,IW_GRDH_1S,IW,"['VV', 'VH']",,"[78.804527, 14.890778, 81.429192, 16.836582]",15.86368,80.1168595
S1A_IW_GRDH_1SDV_20180629T003119_20180629T003144_022564_0271BB_600C_COG,2018-06-29 00:31:19.182515+00:00,sentinel-1a,IW_GRDH_1S,IW,"['VV', 'VH']",,"[78.509171, 13.379164, 81.118355, 15.328499]",14.3538315,79.813763
S1A_IW_GRDH_1SDV_20180630T010634_20180630T010659_022579_02722D_89F1_COG,2018-06-30 01:06:34.100621+00:00,sentinel-1a,IW_GRDH_1S,IW,"['VV', 'VH']",,"[72.286728, 34.738522, 75.404648, 36.648109]",35.6933155,73.845688
S1A_IW_GRDH_1SDV_20180630T010839_20180630T010904_022579_02722D_89DB_COG,2018-06-30 01:08:39.101107+00:00,sentinel-1a,IW_GRDH_1S,IW,"['VV', 'VH']",,"[70.858368, 27.196886, 73.754082, 29.119621]",28.1582535,72.306225
S1A_IW_GRDH_1SDV_20180630T010904_20180630T010929_022579_02722D_4639_COG,2018-06-30 01:09:04.101195+00:00,sentinel-1a,IW_GRDH_1S,IW,"['VV', 'VH']",,"[70.567299, 25.688168, 73.421951, 27.614592]",26.65138,71.99462500000001
S1A_IW_GRDH_1SDV_20180630T010929_20180630T010954_022579_02722D_2167_COG,2018-06-30 01:09:29.101304+00:00,sentinel-1a,IW_GRDH_1S,IW,"['VV', 'VH']",,"[70.274231, 24.179375, 73.096207, 26.10873]",25.1440525,71.685219
S1A_IW_GRDH_1SDV_20180630T120438_20180630T120503_022586_02725D_4A15_COG,2018-06-30 12:04:38.132147+00:00,sentinel-1a,IW_GRDH_1S,IW,"['VV', 'VH']",,"[88.791847, 23.740023, 91.61499, 25.672619]",24.706321000000003,90.2034185
S1A_IW_GRDH_1SDV_20180630T120643_20180630T120708_022586_02725D_EA15_COG,2018-06-30 12:06:43.131480+00:00,sentinel-1a,IW_GRDH_1S,IW,"['VV', 'VH']",,"[87.207542, 31.294067, 90.233849, 33.208721]",32.251394,88.7206955
S1A_IW_GRDH_1SDV_20180630T120708_20180630T120733_022586_02725D_BBE9_COG,2018-06-30 12:07:08.131949+00:00,sentinel-1a,IW_GRDH_1S,IW,"['VV', 'VH']",,"[86.864998, 32.80019, 89.937935, 34.712509]",33.7563495,88.4014665
S1A_IW_GRDH_1SDV_20180728T233552_20180728T233617_023001_027F1E_7FB4_COG,2018-07-28 23:35:52.191920+00:00,sentinel-1a,IW_GRDH_1S,IW,"['VV', 'VH']",,"[95.070869, 35.508961, 98.230774, 37.409092]",36.4590265,96.6508215
S1A_IW_GRDH_1SDV_20180728T233732_20180728T233757_023001_027F1E_BD93_COG,2018-07-28 23:37:32.192546+00:00,sentinel-1a,IW_GRDH_1S,IW,"['VV', 'VH']",,"[93.872505, 29.486666, 96.798889, 31.400709]",30.4436875,95.335697
S1A_IW_GRDH_1SDV_20180728T233757_20180728T233822_023001_027F1E_1303_COG,2018-07-28 23:37:57.191952+00:00,sentinel-1a,IW_GRDH_1S,IW,"['VV', 'VH']",,"[93.645844, 27.967606, 96.470085, 29.895264]",28.931435,95.0579645
S1A_IW_GRDH_1SDV_20180730T002059_20180730T002124_023016_027F96_35E8_COG,2018-07-30 00:20:59.468456+00:00,sentinel-1a,IW_GRDH_1S,IW,"['VV', 'VH']",,"[82.046021, 21.103828, 84.776848, 23.037807]",22.0708175,83.4114345
S1A_IW_GRDH_1SDV_20180730T124933_20180730T124958_023024_027FCE_C6AA_COG,2018-07-30 12:49:33.542747+00:00,sentinel-1a,IW_GRDH_1S,IW,"['VV', 'VH']",,"[79.828964, 7.499211, 82.378334, 9.4605]",8.4798555,81.10364899999999
S1A_IW_GRDH_1SDV_20180731T010318_20180731T010346_023031_028001_0173_COG,2018-07-31 01:03:18.879865+00:00,sentinel-1a,IW_GRDH_1S,IW,"['VV', 'VH']",,"[70.877533, 16.657444, 73.601311, 18.775892]",17.716668,72.23942199999999
S1A_IW_GRDH_1SDV_20180731T115558_20180731T115623_023038_028037_C22B_COG,2018-07-31 11:55:58.258432+00:00,sentinel-1a,IW_GRDH_1S,IW,"['VV', 'VH']",,"[91.210678, 22.051016, 93.994308, 23.987314]",23.019165,92.602493
S1A_IW_GRDH_1SDV_20180829T120801_20180829T120826_023461_028DC3_C785_COG,2018-08-29 12:08:01.748087+00:00,sentinel-1a,IW_GRDH_1S,IW,"['VV', 'VH']",,"[86.13237, 35.809753, 89.336182, 37.715122]",36.7624375,87.734276
S1A_IW_GRDH_1SDV_20180830T001212_20180830T001237_023468_028E02_28F4_COG,2018-08-30 00:12:12.425701+00:00,sentinel-1a,IW_GRDH_1S,IW,"['VV', 'VH']",,"[84.524849, 23.231102, 87.292, 25.157022]",24.194062,85.9084245
S1A_IW_GRDH_1SDV_20180830T124648_20180830T124713_023476_028E47_49DE_COG,2018-08-30 12:46:48.183487+00:00,sentinel-1a,IW_GRDH_1S,IW,"['VV', 'VH']",,"[77.755135, 27.230379, 80.640671, 29.151709]",28.191044,79.197903
S1A_IW_GRDH_1SDV_20180830T124803_20180830T124828_023476_028E47_A9EA_COG,2018-08-30 12:48:03.183362+00:00,sentinel-1a,IW_GRDH_1S,IW,"['VV', 'VH']",,"[76.816536, 31.760864, 79.809669, 33.675247]",32.7180555,78.3131025
S1A_IW_GRDH_1SDV_20180830T124853_20180830T124918_023476_028E47_37C2_COG,2018-08-30 12:48:53.183287+00:00,sentinel-1a,IW_GRDH_1S,IW,"['VV', 'VH']",,"[76.107628, 34.774555, 79.229729, 36.680294]",35.7274245,77.6686785
S1A_IW_GRDH_1SDV_20180831T005434_20180831T005459_023483_028E78_5FF4_COG,2018-08-31 00:54:34.589405+00:00,sentinel-1a,IW_GRDH_1S,IW,"['VV', 'VH']",,"[73.338341, 18.791256, 76.061104, 20.733772]",19.762514,74.69972250000001
S1A_IW_GRDH_1SDV_20180831T132825_20180831T132850_023491_028EB8_9D11_COG,2018-08-31 13:28:25.030909+00:00,sentinel-1a,IW_GRDH_1S,IW,"['VV', 'VH']",,"[67.123337, 28.9284, 70.017097, 30.850475]",29.8894375,68.57021700000001
S1A_IW_GRDH_1SDV_20180831T235605_20180831T235630_023497_028EE7_A29B_COG,2018-08-31 23:56:05.555955+00:00,sentinel-1a,IW_GRDH_1S,IW,"['VV', 'VH']",,"[88.376076, 21.996336, 91.142715, 23.929678]",22.963007,89.7593955
S1A_IW_GRDH_1SDV_20180831T235605_20180831T235630_023497_028EE7_B32E_COG,2018-08-31 23:56:05.555955+00:00,sentinel-1a,IW_GRDH_1S,IW,"['VV', 'VH']",,"[88.376076, 21.996336, 91.142715, 23.929678]",22.963007,89.7593955
S1A_IW_GRDH_1SDV_20180831T235630_20180831T235655_023497_028EE7_D61E_COG,2018-08-31 23:56:30.555854+00:00,sentinel-1a,IW_GRDH_1S,IW,"['VV', 'VH']",,"[88.084694, 20.48612, 90.822701, 22.423063]",21.4545915,89.4536975
S1A_IW_GRDH_1SDV_20180928T002012_20180928T002037_023891_029B95_DA9B_COG,2018-09-28 00:20:12.224135+00:00,sentinel-1a,IW_GRDH_1S,IW,"['VV', 'VH']",,"[82.628586, 24.123392, 85.43026, 26.04899]",25.086191,84.02942300000001
S1A_IW_GRDH_1SDV_20180928T124936_20180928T125001_023899_029BD6_F0DE_COG,2018-09-28 12:49:36.262450+00:00,sentinel-1a,IW_GRDH_1S,IW,"['VV', 'VH']",,"[79.828705, 7.499331, 82.377899, 9.460581]",8.479956,81.103302
S1A_IW_GRDH_1SDV_20180929T005846_20180929T005911_023906_029C11_FD08_COG,2018-09-29 00:58:46.583004+00:00,sentinel-1a,IW_GRDH_1S,IW,"['VV', 'VH']",,"[74.066872, 33.434624, 77.158417, 35.345043]",34.389833499999995,75.6126445
S1A_IW_GRDH_1SDV_20180929T115420_20180929T115445_023913_029C4B_F8D2_COG,2018-09-29 11:54:20.931048+00:00,sentinel-1a,IW_GRDH_1S,IW,"['VV', 'VH']",,"[92.476334, 16.008276, 95.161331, 17.959244]",16.98376,93.8188325
S1A_IW_GRDH_1SDV_20180929T115445_20180929T115510_023913_029C4B_980E_COG,2018-09-29 11:54:45.931670+00:00,sentinel-1a,IW_GRDH_1S,IW,"['VV', 'VH']",,"[92.162025, 17.519533, 94.868317, 19.46657]",18.4930515,93.515171
S1A_IW_GRDH_1SDV_20180929T115830_20180929T115855_023913_029C4B_D1A8_COG,2018-09-29 11:58:30.931273+00:00,sentinel-1a,IW_GRDH_1S,IW,"['VV', 'VH']",,"[89.303642, 31.114632, 92.316597, 33.029633]",32.072132499999995,90.8101195
S1A_IW_GRDH_1SDV_20180929T115855_20180929T115920_023913_029C4B_5B1E_COG,2018-09-29 11:58:55.931879+00:00,sentinel-1a,IW_GRDH_1S,IW,"['VV', 'VH']",,"[88.955963, 32.621376, 92.024811, 34.53286]",33.577118,90.490387
S1A_IW_GRDH_1SDV_20180930T000118_20180930T000143_023920_029C86_39DE_COG,2018-09-30 00:01:18.507869+00:00,sentinel-1a,IW_GRDH_1S,IW,"['VV', 'VH']",,"[88.361847, 32.959621, 91.42662, 34.867565]",33.913593,89.8942335
S1A_IW_GRDH_1SDV_20180930T000503_20180930T000532_023920_029C86_403D_COG,2018-09-30 00:05:03.507579+00:00,sentinel-1a,IW_GRDH_1S,IW,"['VV', 'VH']",,"[85.771149, 19.156437, 88.5317, 21.308372]",20.2324045,87.15142449999999
S1A_IW_GRDH_1SDV_20180930T123840_20180930T123905_023928_029CD0_18C4_COG,2018-09-30 12:38:40.244089+00:00,sentinel-1a,IW_GRDH_1S,IW,"['VV', 'VH']",,"[79.757072, 27.528904, 82.641983, 29.4526]",28.490752,81.19952749999999
S1A_IW_GRDH_1SDV_20181029T000918_20181029T000943_024343_02AA5D_8FB1_COG,2018-10-29 00:09:18.616672+00:00,sentinel-1a,IW_GRDH_1S,IW,"['VV', 'VH']",,"[86.499138, 33.799171, 89.566101, 35.701187]",34.750179,88.03261950000001
S1A_IW_GRDH_1SDV_20181029T124804_20181029T124829_024351_02AAA4_9BEE_COG,2018-10-29 12:48:04.320437+00:00,sentinel-1a,IW_GRDH_1S,IW,"['VV', 'VH']",,"[76.815514, 31.760715, 79.808922, 33.675205]",32.71796,78.312218
S1A_IW_GRDH_1SDV_20181029T124854_20181029T124919_024351_02AAA4_7382_COG,2018-10-29 12:48:54.321283+00:00,sentinel-1a,IW_GRDH_1S,IW,"['VV', 'VH']",,"[76.106369, 34.774418, 79.228966, 36.680267]",35.7273425,77.6676675
S1A_IW_GRDH_1SDV_20181029T124919_20181029T124944_024351_02AAA4_0FBD_COG,2018-10-29 12:49:19.321693+00:00,sentinel-1a,IW_GRDH_1S,IW,"['VV', 'VH']",,"[75.716736, 36.279552, 78.931999, 38.178822]",37.229187,77.3243675
S1A_IW_GRDH_1SDV_20181030T005115_20181030T005140_024358_02AAD3_E8F3_COG,2018-10-30 00:51:15.731772+00:00,sentinel-1a,IW_GRDH_1S,IW,"['VV', 'VH']",,"[75.654655, 30.866695, 78.612816, 32.788601]",31.827648,77.1337355
S1A_IW_GRDH_1SDV_20181030T114614_20181030T114639_024365_02AB08_BD88_COG,2018-10-30 11:46:14.015697+00:00,sentinel-1a,IW_GRDH_1S,IW,"['VV', 'VH']",,"[94.454903, 16.401489, 97.140205, 18.351833]",17.376661,95.797554
S1A_IW_GRDH_1SDV_20181030T114754_20181030T114819_024365_02AB08_1AE6_COG,2018-10-30 11:47:54.016267+00:00,sentinel-1a,IW_GRDH_1S,IW,"['VV', 'VH']",,"[93.200653, 22.446604, 95.987846, 24.381979]",23.4142915,94.5942495
S1A_IW_GRDH_1SDV_20181030T114909_20181030T114934_024365_02AB08_127F_COG,2018-10-30 11:49:09.016663+00:00,sentinel-1a,IW_GRDH_1S,IW,"['VV', 'VH']",,"[92.281708, 26.973471, 95.111732, 28.907797]",27.940634,93.69672
S1A_IW_GRDH_1SDV_20181030T115139_20181030T115204_024365_02AB08_6BDD_COG,2018-10-30 11:51:39.016064+00:00,sentinel-1a,IW_GRDH_1S,IW,"['VV', 'VH']",,"[90.181213, 36.023346, 93.407288, 37.925217]",36.9742815,91.7942505
S1A_IW_GRDH_1SDV_20181030T132851_20181030T132916_024366_02AB11_9447_COG,2018-10-30 13:28:51.107591+00:00,sentinel-1a,IW_GRDH_1S,IW,"['VV', 'VH']",,"[66.775536, 30.441105, 69.755165, 32.353592]",31.3973485,68.26535050000001
S1A_IW_GRDH_1SDV_20181030T235451_20181030T235516_024372_02AB43_8A87_COG,2018-10-30 23:54:51.642860+00:00,sentinel-1a,IW_GRDH_1S,IW,"['VV', 'VH']",,"[89.249695, 26.524731, 92.041969, 28.459154]",27.4919425,90.645832
S1A_IW_GRDH_1SDV_20181030T235541_20181030T235606_024372_02AB43_0CD9_COG,2018-10-30 23:55:41.641884+00:00,sentinel-1a,IW_GRDH_1S,IW,"['VV', 'VH']",,"[88.668152, 23.506264, 91.463524, 25.436646]",24.471455,90.06583800000001
S1A_IW_GRDH_1SDV_20181031T122928_20181031T122957_024380_02AB8D_6447_COG,2018-10-31 12:29:28.299413+00:00,sentinel-1a,IW_GRDH_1S,IW,"['VV', 'VH']",,"[82.517906, 23.996069, 85.387123, 26.167168]",25.0816185,83.9525145
S1A_IW_GRDH_1SDV_20181031T123047_20181031T123112_024380_02AB8D_B853_COG,2018-10-31 12:30:47.322885+00:00,sentinel-1a,IW_GRDH_1S,IW,"['VV', 'VH']",,"[81.610916, 28.770695, 84.500671, 30.694843]",29.732769,83.0557935
S1A_IW_GRDH_1SDV_20181031T123227_20181031T123252_024380_02AB8D_E4F3_COG,2018-10-31 12:32:27.323279+00:00,sentinel-1a,IW_GRDH_1S,IW,"['VV', 'VH']",,"[80.175041, 34.802708, 83.359795, 36.701778]",35.752243,81.76741799999999
S1A_IW_GRDH_1SDV_20190528T124019_20190528T124044_027428_03181D_640A_COG,2019-05-28 12:40:19.848841+00:00,sentinel-1a,IW_GRDH_1S,IW,"['VV', 'VH']",,"[78.462433, 33.56805, 81.534485, 35.477936]",34.522993,79.998459
S1A_IW_GRDH_1SDV_20190529T113851_20190529T113916_027442_03188B_66DA_COG,2019-05-29 11:38:51.287081+00:00,sentinel-1a,IW_GRDH_1S,IW,"['VV', 'VH']",,"[95.866402, 19.528242, 98.593513, 21.46821]",20.498226,97.2299575
S1A_IW_GRDH_1SDV_20190529T114146_20190529T114211_027442_03188B_2E61_COG,2019-05-29 11:41:46.287355+00:00,sentinel-1a,IW_GRDH_1S,IW,"['VV', 'VH']",,"[93.641594, 30.100388, 96.604874, 32.016937]",31.0586625,95.123234
S1A_IW_GRDH_1SDV_20190529T114236_20190529T114301_027442_03188B_58C6_COG,2019-05-29 11:42:36.286558+00:00,sentinel-1a,IW_GRDH_1S,IW,"['VV', 'VH']",,"[92.947479, 33.115669, 96.029915, 35.023472]",34.0695705,94.488697
S1A_IW_GRDH_1SDV_20190529T132041_20190529T132106_027443_031893_966D_COG,2019-05-29 13:20:41.457017+00:00,sentinel-1a,IW_GRDH_1S,IW,"['VV', 'VH']",,"[68.771919, 30.727369, 71.745872, 32.641682]",31.6845255,70.2588955
S1A_IW_GRDH_1SDV_20190529T234403_20190529T234428_027449_0318C4_8E4A_COG,2019-05-29 23:44:03.557789+00:00,sentinel-1a,IW_GRDH_1S,IW,"['VV', 'VH']",,"[93.074318, 35.79847, 96.235107, 37.69577]",36.74712,94.6547125
S1A_IW_GRDH_1SDV_20190530T012436_20190530T012501_027450_0318C9_0A9F_COG,2019-05-30 01:24:36.991918+00:00,sentinel-1a,IW_GRDH_1S,IW,"['VV', 'VH']",,"[67.130127, 29.232946, 70.064789, 31.150648]",30.191797,68.597458
S1A_IW_GRDH_1SDV_20190530T122005_20190530T122030_027457_031901_FDA7_COG,2019-05-30 12:20:05.709170+00:00,sentinel-1a,IW_GRDH_1S,IW,"['VV', 'VH']",,"[85.504852, 19.871822, 88.238411, 21.813219]",20.8425205,86.8716315
S1A_IW_GRDH_1SDV_20190530T122235_20190530T122300_027457_031901_59C0_COG,2019-05-30 12:22:35.709622+00:00,sentinel-1a,IW_GRDH_1S,IW,"['VV', 'VH']",,"[83.631477, 28.94113, 86.571594, 30.859602]",29.900366,85.10153550000001
S1A_IW_GRDH_1SDV_20190531T002648_20190531T002713_027464_031943_5EE6_COG,2019-05-31 00:26:48.437904+00:00,sentinel-1a,IW_GRDH_1S,IW,"['VV', 'VH']",,"[81.649857, 30.001518, 84.582634, 31.910858]",30.956188,83.11624549999999
S1A_IW_GRDH_1SDV_20190531T003033_20190531T003058_027464_031943_6DAD_COG,2019-05-31 00:30:33.437183+00:00,sentinel-1a,IW_GRDH_1S,IW,"['VV', 'VH']",,"[79.096848, 16.402525, 81.740425, 18.344704]",17.373614500000002,80.41863649999999
S1A_IW_GRDH_1SDV_20190531T130413_20190531T130438_027472_031986_D011_COG,2019-05-31 13:04:13.890609+00:00,sentinel-1a,IW_GRDH_1S,IW,"['VV', 'VH']",,"[72.864372, 30.708261, 75.839287, 32.621098]",31.6646795,74.35182950000001
S1A_IW_GRDH_1SDV_20190531T232949_20190531T233014_027478_0319B7_6AF9_COG,2019-05-31 23:29:49.802832+00:00,sentinel-1a,IW_GRDH_1S,IW,"['VV', 'VH']",,"[95.635139, 27.744884, 98.494919, 29.668127]",28.7065055,97.065029
S1A_IW_GRDH_1SDV_20190531T233039_20190531T233104_027478_0319B7_C5B5_COG,2019-05-31 23:30:39.802845+00:00,sentinel-1a,IW_GRDH_1S,IW,"['VV', 'VH']",,"[95.077988, 24.722805, 97.887917, 26.649702]",25.6862535,96.4829525
S1A_IW_GRDH_1SDV_20190531T233129_20190531T233154_027478_0319B7_B1E0_COG,2019-05-31 23:31:29.802858+00:00,sentinel-1a,IW_GRDH_1S,IW,"['VV', 'VH']",,"[94.490982, 21.704271, 97.243858, 23.636957]",22.670614,95.86742
S1A_IW_GRDH_1SDV_20190531T233154_20190531T233219_027478_0319B7_9752_COG,2019-05-31 23:31:54.802864+00:00,sentinel-1a,IW_GRDH_1S,IW,"['VV', 'VH']",,"[94.201485, 20.193604, 96.924614, 22.130205]",21.1619045,95.5630495
S1A_IW_GRDH_1SDV_20190531T233309_20190531T233340_027478_0319B7_0B49_COG,2019-05-31 23:33:09.802883+00:00,sentinel-1a,IW_GRDH_1S,IW,"['VV', 'VH']",,"[93.258949, 15.291778, 95.986664, 17.60685]",16.449314,94.6228065
S1A_IW_GRDH_1SDV_20190627T114909_20190627T114934_027865_032557_CAA7_COG,2019-06-27 11:49:09.974913+00:00,sentinel-1a,IW_GRDH_1S,IW,"['VV', 'VH']",,"[92.283142, 26.97344, 95.112701, 28.907686]",27.940563,93.6979215
S1A_IW_GRDH_1SDV_20190627T114934_20190627T114959_027865_032557_AA9D_COG,2019-06-27 11:49:34.974754+00:00,sentinel-1a,IW_GRDH_1S,IW,"['VV', 'VH']",,"[91.947769, 28.49268, 94.885162, 30.412107]",29.4523935,93.4164655
S1A_IW_GRDH_1SDV_20190627T114959_20190627T115024_027865_032557_C482_COG,2019-06-27 11:49:59.976101+00:00,sentinel-1a,IW_GRDH_1S,IW,"['VV', 'VH']",,"[91.604164, 29.999718, 94.589828, 31.915485]",30.957601500000003,93.096996
S1A_IW_GRDH_1SDV_20190627T132708_20190627T132737_027866_03255F_F002_COG,2019-06-27 13:27:08.045075+00:00,sentinel-1a,IW_GRDH_1S,IW,"['VV', 'VH']",,"[68.08345, 24.159883, 70.94191, 26.329983]",25.244933,69.51267999999999
S1A_IW_GRDH_1SDV_20190627T235427_20190627T235452_027872_03258C_02D2_COG,2019-06-27 23:54:27.611307+00:00,sentinel-1a,IW_GRDH_1S,IW,"['VV', 'VH']",,"[89.46785, 28.045938, 92.377617, 29.963497]",29.0047175,90.9227335
S1A_IW_GRDH_1SDV_20190628T122958_20190628T123023_027880_0325CA_AD36_COG,2019-06-28 12:29:58.378120+00:00,sentinel-1a,IW_GRDH_1S,IW,"['VV', 'VH']",,"[82.191986, 25.747173, 85.045395, 27.672695]",26.709934,83.6186905
S1A_IW_GRDH_1SDV_20190628T123113_20190628T123138_027880_0325CA_3DAE_COG,2019-06-28 12:31:13.378760+00:00,sentinel-1a,IW_GRDH_1S,IW,"['VV', 'VH']",,"[81.267426, 30.28504, 84.249672, 32.197979]",31.2415095,82.758549
S1A_IW_GRDH_1SDV_20190629T131133_20190629T131202_027895_032637_3AC9_COG,2019-06-29 13:11:33.426127+00:00,sentinel-1a,IW_GRDH_1S,IW,"['VV', 'VH']",,"[71.507309, 27.339048, 74.446411, 29.501461]",28.4202545,72.97686
S1A_IW_GRDH_1SDV_20190629T233621_20190629T233646_027901_032663_E8C3_COG,2019-06-29 23:36:21.466206+00:00,sentinel-1a,IW_GRDH_1S,IW,"['VV', 'VH']",,"[94.756958, 34.009499, 97.837959, 35.908234]",34.9588665,96.2974585
S1A_IW_GRDH_1SDV_20190630T121341_20190630T121406_027909_03269F_1DAB_COG,2019-06-30 12:13:41.373070+00:00,sentinel-1a,IW_GRDH_1S,IW,"['VV', 'VH']",,"[86.25071, 26.365509, 89.045845, 28.304264]",27.3348865,87.6482775
S1A_IW_GRDH_1SDV_20190728T234407_20190728T234432_028324_033347_7B67_COG,2019-07-28 23:44:07.202027+00:00,sentinel-1a,IW_GRDH_1S,IW,"['VV', 'VH']",,"[93.074997, 35.798363, 96.235687, 37.695667]",36.747015000000005,94.655342
S1A_IW_GRDH_1SDV_20190729T122239_20190729T122304_028332_033383_D8A8_COG,2019-07-29 12:22:39.335418+00:00,sentinel-1a,IW_GRDH_1S,IW,"['VV', 'VH']",,"[83.631714, 28.941309, 86.572273, 30.859642]",29.9004755,85.10199349999999
S1A_IW_GRDH_1SDV_20190730T002742_20190730T002807_028339_0333C1_4814_COG,2019-07-30 00:27:42.047655+00:00,sentinel-1a,IW_GRDH_1S,IW,"['VV', 'VH']",,"[81.143875, 26.971992, 83.918602, 28.900629]",27.9363105,82.5312385
S1A_IW_GRDH_1SDV_20190730T002857_20190730T002922_028339_0333C1_103F_COG,2019-07-30 00:28:57.048394+00:00,sentinel-1a,IW_GRDH_1S,IW,"['VV', 'VH']",,"[80.259521, 22.446222, 83.008858, 24.37285]",23.409536,81.6341895
S1A_IW_GRDH_1SDV_20190730T003217_20190730T003242_028339_0333C1_E90F_COG,2019-07-30 00:32:17.047372+00:00,sentinel-1a,IW_GRDH_1S,IW,"['VV', 'VH']",,"[77.915375, 10.354844, 80.49601, 12.312263]",11.3335535,79.2056925
S1A_IW_GRDH_1SDV_20190730T003242_20190730T003307_028339_0333C1_5C7D_COG,2019-07-30 00:32:42.047621+00:00,sentinel-1a,IW_GRDH_1S,IW,"['VV', 'VH']",,"[77.616173, 8.842493, 80.185661, 10.803944]",9.8232185,78.90091699999999
S1A_IW_GRDH_1SDV_20190730T233043_20190730T233108_028353_033432_0422_COG,2019-07-30 23:30:43.382319+00:00,sentinel-1a,IW_GRDH_1S,IW,"['VV', 'VH']",,"[95.078476, 24.722651, 97.888519, 26.649498]",25.6860745,96.4834975
S1A_IW_GRDH_1SDV_20190730T233248_20190730T233313_028353_033432_AB51_COG,2019-07-30 23:32:48.381540+00:00,sentinel-1a,IW_GRDH_1S,IW,"['VV', 'VH']",,"[93.624001, 17.170441, 96.298744, 19.11466]",18.1425505,94.9613725
S1A_IW_GRDH_1SDV_20190731T010616_20190731T010641_028354_033437_84C7_COG,2019-07-31 01:06:16.977566+00:00,sentinel-1a,IW_GRDH_1S,IW,"['VV', 'VH']",,"[72.569847, 36.245861, 75.775101, 38.149132]",37.1974965,74.172474
S1A_IW_GRDH_1SDV_20190731T120741_20190731T120806_028361_03346D_D8D7_COG,2019-07-31 12:07:41.009775+00:00,sentinel-1a,IW_GRDH_1S,IW,"['VV', 'VH']",,"[86.504051, 34.30619, 89.644493, 36.214291]",35.2602405,88.07427200000001
S1A_IW_GRDH_1SDV_20190829T011830_20190829T011855_028777_034264_5B49_COG,2019-08-29 01:18:30.385259+00:00,sentinel-1a,IW_GRDH_1S,IW,"['VV', 'VH']",,"[67.773659, 21.885662, 70.548553, 23.820641]",22.8531515,69.16110599999999
S1A_IW_GRDH_1SDV_20190830T001844_20190830T001909_028791_0342DE_C0A0_COG,2019-08-30 00:18:44.929679+00:00,sentinel-1a,IW_GRDH_1S,IW,"['VV', 'VH']",,"[83.650459, 29.713724, 86.575569, 31.622299]",30.6680115,85.11301399999999
S1A_IW_GRDH_1SDV_20190830T001959_20190830T002024_028791_0342DE_55C0_COG,2019-08-30 00:19:59.930664+00:00,sentinel-1a,IW_GRDH_1S,IW,"['VV', 'VH']",,"[82.855042, 25.174841, 85.657494, 27.095608]",26.1352245,84.256268
S1A_IW_GRDH_1SDV_20190830T124906_20190830T124935_028799_03432B_8C71_COG,2019-08-30 12:49:06.896525+00:00,sentinel-1a,IW_GRDH_1S,IW,"['VV', 'VH']",,"[80.213722, 5.408676, 82.794281, 7.620292]",6.514484,81.5040015
S1A_IW_GRDH_1SDV_20190831T115451_20190831T115516_028813_0343A4_1DFD_COG,2019-08-31 11:54:51.177739+00:00,sentinel-1a,IW_GRDH_1S,IW,"['VV', 'VH']",,"[92.162476, 17.519377, 94.868759, 19.466475]",18.492926,93.5156175
S1A_IW_GRDH_1SDV_20190831T115516_20190831T115541_028813_0343A4_7291_COG,2019-08-31 11:55:16.178518+00:00,sentinel-1a,IW_GRDH_1S,IW,"['VV', 'VH']",,"[91.847519, 19.030306, 94.576584, 20.973732]",20.002019,93.2120515
S1A_IW_GRDH_1SDV_20190831T115746_20190831T115811_028813_0343A4_DE1B_COG,2019-08-31 11:57:46.178721+00:00,sentinel-1a,IW_GRDH_1S,IW,"['VV', 'VH']",,"[89.976593, 28.099636, 92.900581, 30.020554]",29.060095,91.438587
S1A_IW_GRDH_1SDV_20190927T122447_20190927T122512_029207_03512E_161B_COG,2019-09-27 12:24:47.519642+00:00,sentinel-1a,IW_GRDH_1S,IW,"['VV', 'VH']",,"[81.794563, 36.463833, 85.045914, 38.364227]",37.41403,83.4202385
S1A_IW_GRDH_1SDV_20190928T002626_20190928T002655_029214_035175_A808_COG,2019-09-28 00:26:26.225449+00:00,sentinel-1a,IW_GRDH_1S,IW,"['VV', 'VH']",,"[81.945854, 31.507814, 84.978226, 33.656452]",32.582133,83.46204
S1A_IW_GRDH_1SDV_20190928T002720_20190928T002745_029214_035175_859E_COG,2019-09-28 00:27:20.244924+00:00,sentinel-1a,IW_GRDH_1S,IW,"['VV', 'VH']",,"[81.363708, 28.492601, 84.243637, 30.406488]",29.4495445,82.8036725
S1A_IW_GRDH_1SDV_20190928T002925_20190928T002950_029214_035175_96A1_COG,2019-09-28 00:29:25.244209+00:00,sentinel-1a,IW_GRDH_1S,IW,"['VV', 'VH']",,"[79.970535, 20.93549, 82.683975, 22.866957]",21.9012235,81.32725500000001
S1A_IW_GRDH_1SDV_20190928T130420_20190928T130445_029222_0351C1_5735_COG,2019-09-28 13:04:20.661293+00:00,sentinel-1a,IW_GRDH_1S,IW,"['VV', 'VH']",,"[72.864365, 30.708361, 75.839378, 32.621159]",31.66476,74.3518715
S1A_IW_GRDH_1SDV_20190928T232931_20190928T232956_029228_0351F9_D5DC_COG,2019-09-28 23:29:31.573481+00:00,sentinel-1a,IW_GRDH_1S,IW,"['VV', 'VH']",,"[95.897026, 29.257673, 98.824486, 31.173304]",30.2154885,97.360756
S1A_IW_GRDH_1SDV_20190928T233136_20190928T233201_029228_0351F9_9D85_COG,2019-09-28 23:31:36.572423+00:00,sentinel-1a,IW_GRDH_1S,IW,"['VV', 'VH']",,"[94.490746, 21.704189, 97.243805, 23.636873]",22.670531,95.8672755
S1A_IW_GRDH_1SDV_20190929T010825_20190929T010850_029229_035203_5717_COG,2019-09-29 01:08:25.167577+00:00,sentinel-1a,IW_GRDH_1S,IW,"['VV', 'VH']",,"[71.152153, 28.704536, 74.090652, 30.624077]",29.6643065,72.6214025
S1A_IW_GRDH_1SDV_20190929T010940_20190929T011005_029229_035203_511F_COG,2019-09-29 01:09:40.167338+00:00,sentinel-1a,IW_GRDH_1S,IW,"['VV', 'VH']",,"[70.273376, 24.179415, 73.095558, 26.108789]",25.144102,71.684467
S1A_IW_GRDH_1SDV_20190929T011055_20190929T011120_029229_035203_01FE_COG,2019-09-29 01:10:55.167070+00:00,sentinel-1a,IW_GRDH_1S,IW,"['VV', 'VH']",,"[69.395752, 19.61438, 72.131889, 21.589533]",20.6019565,70.76382050000001
S1A_IW_GRDH_1SDV_20190929T120359_20190929T120424_029236_035242_5AD0_COG,2019-09-29 12:03:59.185374+00:00,sentinel-1a,IW_GRDH_1S,IW,"['VV', 'VH']",,"[89.43457, 20.720472, 92.196991, 22.660217]",21.6903445,90.8157805
S1A_IW_GRDH_1SDV_20190929T120539_20190929T120604_029236_035242_BCB2_COG,2019-09-29 12:05:39.185128+00:00,sentinel-1a,IW_GRDH_1S,IW,"['VV', 'VH']",,"[88.212875, 26.759487, 91.040451, 28.695341]",27.727414,89.62666300000001
S1A_IW_GRDH_1SDV_20190929T120654_20190929T120719_029236_035242_59D8_COG,2019-09-29 12:06:54.185308+00:00,sentinel-1a,IW_GRDH_1S,IW,"['VV', 'VH']",,"[87.2062, 31.294119, 90.232719, 33.208748]",32.2514335,88.7194595
S1A_IW_GRDH_1SDV_20190929T120809_20190929T120834_029236_035242_0294_COG,2019-09-29 12:08:09.185471+00:00,sentinel-1a,IW_GRDH_1S,IW,"['VV', 'VH']",,"[86.132446, 35.809891, 89.336342, 37.715168]",36.7625295,87.73439400000001
S1A_IW_GRDH_1SDV_20190930T001334_20190930T001359_029243_035286_1DAF_COG,2019-09-30 00:13:34.862882+00:00,sentinel-1a,IW_GRDH_1S,IW,"['VV', 'VH']",,"[83.651787, 18.699951, 86.333801, 20.636925]",19.668438,84.992794
S1A_IW_GRDH_1SDV_20190930T001701_20190930T001736_029243_035287_5606_COG,2019-09-30 00:17:01.138812+00:00,sentinel-1a,IW_GRDH_1S,IW,"['VV', 'VH']",,"[81.097656, 5.602118, 83.760239, 8.190214]",6.896165999999999,82.42894749999999
S1A_IW_GRDH_1SDV_20190930T124626_20190930T124655_029251_0352D2_A0E2_COG,2019-09-30 12:46:26.573389+00:00,sentinel-1a,IW_GRDH_1S,IW,"['VV', 'VH']",,"[78.085587, 25.479553, 80.982315, 27.64653]",26.5630415,79.533951
S1A_IW_GRDH_1SDV_20190930T124655_20190930T124720_029251_0352D2_D06B_COG,2019-09-30 12:46:55.596772+00:00,sentinel-1a,IW_GRDH_1S,IW,"['VV', 'VH']",,"[77.754639, 27.230354, 80.640297, 29.151707]",28.1910305,79.197468
S1A_IW_GRDH_1SDV_20190930T124900_20190930T124925_029251_0352D2_C9C8_COG,2019-09-30 12:49:00.597809+00:00,sentinel-1a,IW_GRDH_1S,IW,"['VV', 'VH']",,"[76.107048, 34.774582, 79.229385, 36.680359]",35.7274705,77.6682165
S1A_IW_GRDH_1SDV_20191029T125002_20191029T125022_029674_036160_984A_COG,2019-10-29 12:50:02.292793+00:00,sentinel-1a,IW_GRDH_1S,IW,"['VV', 'VH']",,"[79.649437, 8.677302, 82.140137, 10.330306]",9.503804,80.89478700000001
S1A_IW_GRDH_1SDV_20191029T232507_20191029T232532_029680_036193_88D3_COG,2019-10-29 23:25:07.674407+00:00,sentinel-1a,IW_GRDH_1S,IW,"['VV', 'VH']",,"[95.332275, 15.370103, 97.983803, 17.318535]",16.344319,96.658039
S1A_IW_GRDH_1SDV_20191029T232532_20191029T232600_029680_036193_063D_COG,2019-10-29 23:25:32.674411+00:00,sentinel-1a,IW_GRDH_1S,IW,"['VV', 'VH']",,"[95.000725, 13.668005, 97.672508, 15.810497]",14.739251,96.3366165
S1A_IW_GRDH_1SDV_20191030T010148_20191030T010213_029681_036199_1FB9_COG,2019-10-30 01:01:48.163126+00:00,sentinel-1a,IW_GRDH_1S,IW,"['VV', 'VH']",,"[72.073601, 22.870165, 74.868637, 24.804382]",23.8372735,73.471119
S1A_IW_GRDH_1SDV_20191030T115747_20191030T115812_029688_0361D8_86EB_COG,2019-10-30 11:57:47.491956+00:00,sentinel-1a,IW_GRDH_1S,IW,"['VV', 'VH']",,"[89.975746, 28.099443, 92.900192, 30.020538]",29.0599905,91.437969
S1A_IW_GRDH_1SDV_20191031T000150_20191031T000215_029695_036215_A4DC_COG,2019-10-31 00:01:50.101532+00:00,sentinel-1a,IW_GRDH_1S,IW,"['VV', 'VH']",,"[88.076706, 31.451725, 91.075386, 33.364853]",32.408289,89.57604599999999
S1A_IW_GRDH_1SDV_20191031T000240_20191031T000305_029695_036215_F9BA_COG,2019-10-31 00:02:40.100952+00:00,sentinel-1a,IW_GRDH_1S,IW,"['VV', 'VH']",,"[87.482956, 28.438759, 90.397392, 30.356527]",29.397643,88.940174
S1A_IW_GRDH_1SDV_20191031T000445_20191031T000510_029695_036215_07B3_COG,2019-10-31 00:04:45.101718+00:00,sentinel-1a,IW_GRDH_1S,IW,"['VV', 'VH']",,"[86.103699, 20.879251, 88.85006, 22.815344]",21.8472975,87.4768795
S1A_IW_GRDH_1SDV_20191031T000510_20191031T000538_029695_036215_126E_COG,2019-10-31 00:05:10.102140+00:00,sentinel-1a,IW_GRDH_1S,IW,"['VV', 'VH']",,"[85.771065, 19.157721, 88.531586, 21.308493]",20.233107,87.1513255
S1A_IW_GRDH_1SDV_20191031T123846_20191031T123911_029703_03625E_5F22_COG,2019-10-31 12:38:46.820827+00:00,sentinel-1a,IW_GRDH_1S,IW,"['VV', 'VH']",,"[79.756691, 27.528847, 82.642029, 29.452591]",28.490719,81.19936
S1A_IW_GRDH_1SDV_20191031T123911_20191031T123936_029703_03625E_B52B_COG,2019-10-31 12:39:11.820774+00:00,sentinel-1a,IW_GRDH_1S,IW,"['VV', 'VH']",,"[79.478264, 29.038919, 82.36235, 30.96524]",30.0020795,80.92030700000001
S1A_IW_GRDH_1SDV_20191031T124001_20191031T124026_029703_03625E_01BA_COG,2019-10-31 12:40:01.820662+00:00,sentinel-1a,IW_GRDH_1S,IW,"['VV', 'VH']",,"[78.797707, 32.063053, 81.835579, 33.973198]",33.0181255,80.316643
S1A_IW_GRDH_1SDV_20200502T115958_20200502T120027_032386_03BFDD_E023_COG,2020-05-02 11:59:58.770224+00:00,sentinel-1a,IW_GRDH_1S,IW,"['VV', 'VH']",ascending,"[92.369514, 6.289451, 94.959473, 8.497175]",7.393313,93.6644935
S1A_IW_GRDH_1SDV_20200502T120422_20200502T120447_032386_03BFDE_4758_COG,2020-05-02 12:04:22.424657+00:00,sentinel-1a,IW_GRDH_1S,IW,"['VV', 'VH']",ascending,"[89.113792, 22.230373, 91.906097, 24.166441]",23.198407,90.5099445
S1A_IW_GRDH_1SDV_20200503T000948_20200503T001013_032393_03C021_CDDF_COG,2020-05-03 00:09:48.096813+00:00,sentinel-1a,IW_GRDH_1S,IW,"['VV', 'VH']",descending,"[86.209229, 32.292339, 89.209549, 34.19907]",33.2457045,87.70938899999999
S1A_IW_GRDH_1SDV_20200504T005638_20200504T005701_032408_03C0A7_134A_COG,2020-05-04 00:56:38.488046+00:00,sentinel-1a,IW_GRDH_1S,IW,"['VV', 'VH']",descending,"[72.014168, 11.761304, 74.58931, 13.59505]",12.678177000000002,73.301739
S1A_IW_GRDH_1SDV_20200505T123116_20200505T123141_032430_03C166_56C7_COG,2020-05-05 12:31:16.865833+00:00,sentinel-1a,IW_GRDH_1S,IW,"['VV', 'VH']",ascending,"[81.267853, 30.284906, 84.250122, 32.197937]",31.2414215,82.7589875
S1A_IW_GRDH_1SDV_20200507T121459_20200507T121524_032459_03C246_BE82_COG,2020-05-07 12:14:59.737962+00:00,sentinel-1a,IW_GRDH_1S,IW,"['VV', 'VH']",ascending,"[85.238739, 30.901169, 88.24205, 32.816658]",31.8589135,86.74039450000001
S1A_IW_GRDH_1SDV_20200508T002057_20200508T002122_032466_03C281_FDD3_COG,2020-05-08 00:20:57.994111+00:00,sentinel-1a,IW_GRDH_1S,IW,"['VV', 'VH']",descending,"[82.170845, 21.656977, 84.891182, 23.587029]",22.622003,83.5310135
S1A_IW_GRDH_1SDV_20200508T002237_20200508T002307_032466_03C281_00AA_COG,2020-05-08 00:22:37.993562+00:00,sentinel-1a,IW_GRDH_1S,IW,"['VV', 'VH']",descending,"[80.951057, 15.338022, 83.637177, 17.5564]",16.447211,82.294117
S1A_IW_GRDH_1SDV_20200511T004243_20200511T004312_032510_03C3DB_54BE_COG,2020-05-11 00:42:43.801347+00:00,sentinel-1a,IW_GRDH_1S,IW,"['VV', 'VH']",descending,"[77.938026, 32.021225, 80.988907, 34.169872]",33.0955485,79.4634665
S1A_IW_GRDH_1SDV_20200511T114216_20200511T114241_032517_03C416_40C9_COG,2020-05-11 11:42:16.931144+00:00,sentinel-1a,IW_GRDH_1S,IW,"['VV', 'VH']",ascending,"[93.306229, 31.609106, 96.324303, 33.52269]",32.565898,94.815266
S1A_IW_GRDH_1SDV_20200512T122216_20200512T122241_032532_03C489_0CE8_COG,2020-05-12 12:22:16.348709+00:00,sentinel-1a,IW_GRDH_1S,IW,"['VV', 'VH']",ascending,"[83.963242, 27.419689, 86.785751, 29.354698]",28.3871935,85.37449649999999
S1A_IW_GRDH_1SDV_20200514T120028_20200514T120053_032561_03C570_8F73_COG,2020-05-14 12:00:28.460926+00:00,sentinel-1a,IW_GRDH_1S,IW,"['VV', 'VH']",ascending,"[92.059166, 8.045013, 94.608192, 10.005513]",9.025263,93.333679
S1A_IW_GRDH_1SDV_20200520T125709_20200520T125734_032649_03C810_E60C_COG,2020-05-20 12:57:09.569024+00:00,sentinel-1a,IW_GRDH_1S,IW,"['VV', 'VH']",ascending,"[74.091423, 34.536148, 77.201469, 36.441933]",35.4890405,75.646446
S1A_IW_GRDH_1SDV_20200524T122357_20200524T122422_032707_03C9D8_7BA5_COG,2020-05-24 12:23:57.119623+00:00,sentinel-1a,IW_GRDH_1S,IW,"['VV', 'VH']",ascending,"[82.590103, 33.460361, 85.685432, 35.369038]",34.4146995,84.1377675
S1A_IW_GRDH_1SDV_20200525T003110_20200525T003135_032714_03CA18_4FAD_COG,2020-05-25 00:31:10.360794+00:00,sentinel-1a,IW_GRDH_1S,IW,"['VV', 'VH']",descending,"[78.741371, 14.557372, 81.360695, 16.503651]",15.5305115,80.051033
S1A_IW_GRDH_1SDV_20200602T005955_20200602T010020_032831_03CD82_4513_COG,2020-06-02 00:59:55.300533+00:00,sentinel-1a,IW_GRDH_1S,IW,"['VV', 'VH']",descending,"[73.440445, 29.675261, 76.366417, 31.587736]",30.6314985,74.903431
S1A_IW_GRDH_1SDV_20200602T010340_20200602T010355_032831_03CD82_0B0A_COG,2020-06-02 01:03:40.300457+00:00,sentinel-1a,IW_GRDH_1S,IW,"['VV', 'VH']",descending,"[70.917938, 16.659721, 73.449554, 18.032215]",17.345968,72.18374600000001
S1A_IW_GRDH_1SDV_20200602T115902_20200602T115927_032838_03CDB6_DD44_COG,2020-06-02 11:59:02.453630+00:00,sentinel-1a,IW_GRDH_1S,IW,"['VV', 'VH']",ascending,"[88.956665, 32.621132, 92.025497, 34.532608]",33.57687,90.491081
S1A_IW_GRDH_1SDV_20200607T011005_20200607T011030_032904_03CFBA_E696_COG,2020-06-07 01:10:05.436309+00:00,sentinel-1a,IW_GRDH_1S,IW,"['VV', 'VH']",descending,"[69.986168, 22.669495, 72.771423, 24.602827]",23.636161,71.3787955
S1A_IW_GRDH_1SDV_20200609T005111_20200609T005136_032933_03D094_2047_COG,2020-06-09 00:51:11.354647+00:00,sentinel-1a,IW_GRDH_1S,IW,"['VV', 'VH']",descending,"[75.763878, 31.534878, 78.761673, 33.452915]",32.4938965,77.2627755
S1A_IW_GRDH_1SDV_20200609T132713_20200609T132742_032941_03D0CB_0808_COG,2020-06-09 13:27:13.805425+00:00,sentinel-1a,IW_GRDH_1S,IW,"['VV', 'VH']",ascending,"[68.083961, 24.159405, 70.942406, 26.329918]",25.2446615,69.5131835
S1A_IW_GRDH_1SDV_20200611T131258_20200611T131323_032970_03D1A4_8005_COG,2020-06-11 13:12:58.192401+00:00,sentinel-1a,IW_GRDH_1S,IW,"['VV', 'VH']",ascending,"[70.508102, 32.103043, 73.511818, 34.017029]",33.060036,72.00996
S1A_IW_GRDH_1SDV_20200613T002240_20200613T002309_032991_03D249_8D98_COG,2020-06-13 00:22:40.337184+00:00,sentinel-1a,IW_GRDH_1S,IW,"['VV', 'VH']",descending,"[80.950562, 15.337752, 83.63665, 17.556396]",16.447074,82.29360600000001
S1A_IW_GRDH_1SDV_20200613T002532_20200613T002558_032991_03D24A_00F2_COG,2020-06-13 00:25:32.709247+00:00,sentinel-1a,IW_GRDH_1S,IW,"['VV', 'VH']",descending,"[78.951279, 5.16056, 81.478455, 7.157577]",6.1590685,80.214867
S1A_IW_GRDH_1SDV_20200618T002841_20200618T002906_033064_03D488_6E21_COG,2020-06-18 00:28:41.754498+00:00,sentinel-1a,IW_GRDH_1S,IW,"['VV', 'VH']",descending,"[80.487083, 23.623056, 83.264465, 25.54587]",24.584463,81.875774
S1A_IW_GRDH_1SDV_20200619T120655_20200619T120720_033086_03D533_45F6_COG,2020-06-19 12:06:55.259674+00:00,sentinel-1a,IW_GRDH_1S,IW,"['VV', 'VH']",ascending,"[87.206848, 31.294083, 90.23304, 33.20866]",32.251371500000005,88.719944
S1A_IW_GRDH_1SDV_20200621T114621_20200621T114646_033115_03D612_FDD7_COG,2020-06-21 11:46:21.466157+00:00,sentinel-1a,IW_GRDH_1S,IW,"['VV', 'VH']",ascending,"[94.455879, 16.401432, 97.140846, 18.351664]",17.376548,95.7983625
S1A_IW_GRDH_1SDV_20200630T002932_20200630T002957_033239_03D9DA_F972_COG,2020-06-30 00:29:32.318382+00:00,sentinel-1a,IW_GRDH_1S,IW,"['VV', 'VH']",descending,"[79.908195, 20.602484, 82.617699, 22.533741]",21.5681125,81.262947
S1A_IW_GRDH_1SDV_20200701T011056_20200701T011122_033254_03DA51_A703_COG,2020-07-01 01:10:56.708142+00:00,sentinel-1a,IW_GRDH_1S,IW,"['VV', 'VH']",descending,"[69.397224, 19.615307, 72.132889, 21.589436]",20.6023715,70.7650565
S1A_IW_GRDH_1SDV_20200703T115121_20200703T115146_033290_03DB63_672A_COG,2020-07-03 11:51:21.961083+00:00,sentinel-1a,IW_GRDH_1S,IW,"['VV', 'VH']",ascending,"[90.574303, 34.518879, 93.709984, 36.426735]",35.472807,92.1421435
S1A_IW_GRDH_1SDV_20200703T132744_20200703T132809_033291_03DB6A_0EC0_COG,2020-07-03 13:27:44.058292+00:00,sentinel-1a,IW_GRDH_1S,IW,"['VV', 'VH']",ascending,"[67.755379, 25.911934, 70.603867, 27.835342]",26.873638,69.17962299999999
S1A_IW_GRDH_1SDV_20200703T235639_20200703T235704_033297_03DB97_84CB_COG,2020-07-03 23:56:39.597247+00:00,sentinel-1a,IW_GRDH_1S,IW,"['VV', 'VH']",descending,"[88.085564, 20.486174, 90.823456, 22.423071]",21.4546225,89.45451
S1A_IW_GRDH_1SDV_20200705T234103_20200705T234131_033326_03DC71_46F8_COG,2020-07-05 23:41:03.436608+00:00,sentinel-1a,IW_GRDH_1S,IW,"['VV', 'VH']",descending,"[91.567551, 17.185881, 94.29052, 19.340614]",18.2632475,92.9290355
S1A_IW_GRDH_1SDV_20200707T002126_20200707T002151_033341_03DCEA_5948_COG,2020-07-07 00:21:26.583811+00:00,sentinel-1a,IW_GRDH_1S,IW,"['VV', 'VH']",descending,"[81.87471, 20.147354, 84.579315, 22.07893]",21.113142,83.2270125
S1A_IW_GRDH_1SDV_20200709T000307_20200709T000332_033370_03DDC1_47B7_COG,2020-07-09 00:03:07.164685+00:00,sentinel-1a,IW_GRDH_1S,IW,"['VV', 'VH']",descending,"[87.236191, 26.922779, 90.06752, 28.851162]",27.8869705,88.65185550000001
S1A_IW_GRDH_1SDV_20200710T132205_20200710T132230_033393_03DE7D_4050_COG,2020-07-10 13:22:05.602863+00:00,sentinel-1a,IW_GRDH_1S,IW,"['VV', 'VH']",ascending,"[67.682625, 35.248489, 70.875687, 37.146595]",36.197542,69.279156
S1A_IW_GRDH_1SDV_20200712T003253_20200712T003318_033414_03DF2A_46F0_COG,2020-07-12 00:32:53.057366+00:00,sentinel-1a,IW_GRDH_1S,IW,"['VV', 'VH']",descending,"[77.55204, 8.508907, 80.117653, 10.470861]",9.489884,78.8348465
S1A_IW_GRDH_1SDV_20200715T115057_20200715T115122_033465_03E0BA_842E_COG,2020-07-15 11:50:57.678769+00:00,sentinel-1a,IW_GRDH_1S,IW,"['VV', 'VH']",ascending,"[90.927559, 33.013134, 94.004517, 34.924164]",33.968649,92.466038
S1A_IW_GRDH_1SDV_20200720T115545_20200720T115610_033538_03E2E4_894C_COG,2020-07-20 11:55:45.392696+00:00,sentinel-1a,IW_GRDH_1S,IW,"['VV', 'VH']",ascending,"[91.529335, 20.540882, 94.285202, 22.480564]",21.510723,92.9072685
S1A_IW_GRDH_1SDV_20200720T115905_20200720T115930_033538_03E2E4_BCFB_COG,2020-07-20 11:59:05.392818+00:00,sentinel-1a,IW_GRDH_1S,IW,"['VV', 'VH']",ascending,"[88.956429, 32.62122, 92.025269, 34.532764]",33.576992000000004,90.490849
S1A_IW_GRDH_1SDV_20200730T011835_20200730T011900_033677_03E731_C52E_COG,2020-07-30 01:18:35.432207+00:00,sentinel-1a,IW_GRDH_1S,IW,"['VV', 'VH']",descending,"[67.772758, 21.885725, 70.547554, 23.820631]",22.853178,69.160156
S1A_IW_GRDH_1SDV_20200731T002103_20200731T002128_033691_03E7A4_19D2_COG,2020-07-31 00:21:03.225986+00:00,sentinel-1a,IW_GRDH_1S,IW,"['VV', 'VH']",descending,"[82.169296, 21.65679, 84.889565, 23.586912]",22.621851,83.5294305
S1A_IW_GRDH_1SDV_20200802T123940_20200802T124005_033728_03E8C0_857C_COG,2020-08-02 12:39:40.512923+00:00,sentinel-1a,IW_GRDH_1S,IW,"['VV', 'VH']",ascending,"[79.146698, 30.555435, 82.123985, 32.470207]",31.512821,80.63534150000001
S1A_IW_GRDH_1SDV_20200804T122336_20200804T122401_033757_03E9A2_54CF_COG,2020-08-04 12:23:36.322772+00:00,sentinel-1a,IW_GRDH_1S,IW,"['VV', 'VH']",ascending,"[82.943977, 31.95413, 85.980324, 33.866459]",32.9102945,84.4621505
S1A_IW_GRDH_1SDV_20200807T124724_20200807T124749_033801_03EB34_A42A_COG,2020-08-07 12:47:24.463023+00:00,sentinel-1a,IW_GRDH_1S,IW,"['VV', 'VH']",ascending,"[77.429054, 28.738111, 80.347145, 30.657621]",29.697866,78.8880995
S1A_IW_GRDH_1SDV_20200807T124904_20200807T124929_033801_03EB34_DDBA_COG,2020-08-07 12:49:04.463642+00:00,sentinel-1a,IW_GRDH_1S,IW,"['VV', 'VH']",ascending,"[76.107635, 34.774506, 79.229851, 36.680286]",35.727396,77.668743
S1A_IW_GRDH_1SDV_20200808T114854_20200808T114919_033815_03EBA4_DB75_COG,2020-08-08 11:48:54.232507+00:00,sentinel-1a,IW_GRDH_1S,IW,"['VV', 'VH']",ascending,"[92.546043, 25.46315, 95.394104, 27.392757]",26.4279535,93.9700735
S1A_IW_GRDH_1SDV_20200810T003831_20200810T003856_033837_03EC6D_2911_COG,2020-08-10 00:38:31.046100+00:00,sentinel-1a,IW_GRDH_1S,IW,"['VV', 'VH']",descending,"[77.352745, 18.036724, 80.023453, 19.974266]",19.005495,78.688099
S1A_IW_GRDH_1SDV_20200810T131211_20200810T131236_033845_03ECA5_4F91_COG,2020-08-10 13:12:11.675534+00:00,sentinel-1a,IW_GRDH_1S,IW,"['VV', 'VH']",ascending,"[71.169159, 29.08942, 74.101738, 31.00596]",30.047690000000003,72.6354485
S1A_IW_GRDH_1SDV_20200812T002103_20200812T002128_033866_03ED6B_5679_COG,2020-08-12 00:21:03.819940+00:00,sentinel-1a,IW_GRDH_1S,IW,"['VV', 'VH']",descending,"[82.170021, 21.656815, 84.890221, 23.586964]",22.6218895,83.53012100000001
S1A_IW_GRDH_1SDV_20200817T232936_20200817T233001_033953_03F07F_7338_COG,2020-08-17 23:29:36.046456+00:00,sentinel-1a,IW_GRDH_1S,IW,"['VV', 'VH']",descending,"[95.897949, 29.257698, 98.82502, 31.173281]",30.2154895,97.3614845
S1A_IW_GRDH_1SDV_20200820T005332_20200820T005357_033983_03F190_0597_COG,2020-08-20 00:53:32.656186+00:00,sentinel-1a,IW_GRDH_1S,IW,"['VV', 'VH']",descending,"[74.243767, 23.249826, 77.010551, 25.174963]",24.2123945,75.627159
S1A_IW_GRDH_1SDV_20200824T002511_20200824T002536_034041_03F396_6A93_COG,2020-08-24 00:25:11.903064+00:00,sentinel-1a,IW_GRDH_1S,IW,"['VV', 'VH']",descending,"[79.248138, 6.701947, 81.801941, 8.663279]",7.682613,80.52503949999999
S1A_IW_GRDH_1SDV_20200824T002536_20200824T002602_034041_03F396_2EBB_COG,2020-08-24 00:25:36.903407+00:00,sentinel-1a,IW_GRDH_1S,IW,"['VV', 'VH']",descending,"[78.950752, 5.159807, 81.478088, 7.157456]",6.1586315,80.21441999999999
S1A_IW_GRDH_1SDV_20200829T233001_20200829T233026_034128_03F6AD_5488_COG,2020-08-29 23:30:01.865387+00:00,sentinel-1a,IW_GRDH_1S,IW,"['VV', 'VH']",descending,"[95.635315, 27.744665, 98.494934, 29.6679]",28.7062825,97.0651245
S1A_IW_GRDH_1SDV_20200903T003922_20200903T003947_034187_03F8BE_BC02_COG,2020-09-03 00:39:22.302089+00:00,sentinel-1a,IW_GRDH_1S,IW,"['VV', 'VH']",descending,"[76.767319, 15.013996, 79.394043, 16.959496]",15.986746,78.080681
S1A_IW_GRDH_1SDV_20200903T233656_20200903T233721_034201_03F92F_C68D_COG,2020-09-03 23:36:56.931145+00:00,sentinel-1a,IW_GRDH_1S,IW,"['VV', 'VH']",descending,"[94.455856, 32.499786, 97.490128, 34.408527]",33.4541565,95.972992
S1A_IW_GRDH_1SDV_20200908T114313_20200908T114338_034267_03FB87_A547_COG,2020-09-08 11:43:13.873168+00:00,sentinel-1a,IW_GRDH_1S,IW,"['VV', 'VH']",ascending,"[92.591423, 34.620197, 95.725876, 36.527325]",35.573761,94.1586495
S1A_IW_GRDH_1SDV_20200910T002731_20200910T002756_034289_03FC44_BC61_COG,2020-09-10 00:27:31.486110+00:00,sentinel-1a,IW_GRDH_1S,IW,"['VV', 'VH']",descending,"[81.34185, 28.15303, 84.172974, 30.073833]",29.1134315,82.75741199999999
S1A_IW_GRDH_1SDV_20200910T003116_20200910T003141_034289_03FC44_57C3_COG,2020-09-10 00:31:16.486408+00:00,sentinel-1a,IW_GRDH_1S,IW,"['VV', 'VH']",descending,"[78.740959, 14.557153, 81.360405, 16.503563]",15.530358,80.050682
S1A_IW_GRDH_1SDV_20200911T120006_20200911T120035_034311_03FD12_DA5F_COG,2020-09-11 12:00:06.278261+00:00,sentinel-1a,IW_GRDH_1S,IW,"['VV', 'VH']",ascending,"[92.368965, 6.289672, 94.958847, 8.497384]",7.393528,93.663906
S1A_IW_GRDH_1SDV_20200920T114224_20200920T114249_034442_0401C3_21DB_COG,2020-09-20 11:42:24.261011+00:00,sentinel-1a,IW_GRDH_1S,IW,"['VV', 'VH']",ascending,"[93.305824, 31.609327, 96.323982, 33.5228]",32.5660635,94.814903
S1A_IW_GRDH_1SDV_20200920T132054_20200920T132119_034443_0401CB_0F49_COG,2020-09-20 13:20:54.425718+00:00,sentinel-1a,IW_GRDH_1S,IW,"['VV', 'VH']",ascending,"[68.772163, 30.727627, 71.746056, 32.641972]",31.6847995,70.2591095
S1A_IW_GRDH_1SDV_20200921T122403_20200921T122428_034457_040244_2900_COG,2020-09-21 12:24:03.634889+00:00,sentinel-1a,IW_GRDH_1S,IW,"['VV', 'VH']",ascending,"[82.589424, 33.460407, 85.68499, 35.369125]",34.414766,84.13720699999999
S1A_IW_GRDH_1SDV_20201002T234826_20201002T234851_034624_040823_88C2_COG,2020-10-02 23:48:26.801551+00:00,sentinel-1a,IW_GRDH_1S,IW,"['VV', 'VH']",descending,"[90.188911, 20.707981, 92.923203, 22.644255]",21.676118,91.556057
S1A_IW_GRDH_1SDV_20201003T012450_20201003T012515_034625_04082A_68D1_COG,2020-10-03 01:24:50.233876+00:00,sentinel-1a,IW_GRDH_1S,IW,"['VV', 'VH']",descending,"[67.130165, 29.232811, 70.065041, 31.150564]",30.1916875,68.59760299999999
S1A_IW_GRDH_1SDV_20201004T003257_20201004T003322_034639_0408AD_FB7E_COG,2020-10-04 00:32:57.164283+00:00,sentinel-1a,IW_GRDH_1S,IW,"['VV', 'VH']",descending,"[77.551437, 8.508871, 80.117317, 10.470856]",9.489863499999998,78.834377
S1A_IW_GRDH_1SDV_20201005T120635_20201005T120700_034661_04096B_C1C6_COG,2020-10-05 12:06:35.593396+00:00,sentinel-1a,IW_GRDH_1S,IW,"['VV', 'VH']",ascending,"[87.547722, 29.788317, 90.532646, 31.705034]",30.7466755,89.040184
S1A_IW_GRDH_1SDV_20201007T005219_20201007T005244_034683_040A32_556A_COG,2020-10-07 00:52:19.610530+00:00,sentinel-1a,IW_GRDH_1S,IW,"['VV', 'VH']",descending,"[75.126114, 27.775265, 77.998497, 29.691299]",28.733282000000003,76.56230550000001
S1A_IW_GRDH_1SDV_20201007T005309_20201007T005334_034683_040A32_C474_COG,2020-10-07 00:53:09.610833+00:00,sentinel-1a,IW_GRDH_1S,IW,"['VV', 'VH']",descending,"[74.538231, 24.758556, 77.335754, 26.680923]",25.7197395,75.9369925
S1A_IW_GRDH_1SDV_20201009T233953_20201009T234018_034726_040BA9_B675_COG,2020-10-09 23:39:53.095542+00:00,sentinel-1a,IW_GRDH_1S,IW,"['VV', 'VH']",descending,"[92.478775, 21.929886, 95.238182, 23.862547]",22.8962165,93.8584785
S1A_IW_GRDH_1SDV_20201011T125507_20201011T125536_034749_040C7F_728C_COG,2020-10-11 12:55:07.909693+00:00,sentinel-1a,IW_GRDH_1S,IW,"['VV', 'VH']",ascending,"[75.752129, 26.752068, 78.675964, 28.915691]",27.8338795,77.2140465
S1A_IW_GRDH_1SDV_20201014T114249_20201014T114314_034792_040E00_6EAD_COG,2020-10-14 11:42:49.814586+00:00,sentinel-1a,IW_GRDH_1S,IW,"['VV', 'VH']",ascending,"[92.946892, 33.116173, 96.03405, 35.024597]",34.070385,94.490471
S1A_IW_GRDH_1SDV_20201014T132029_20201014T132054_034793_040E08_52DD_COG,2020-10-14 13:20:29.978019+00:00,sentinel-1a,IW_GRDH_1S,IW,"['VV', 'VH']",ascending,"[69.104256, 29.217791, 72.024612, 31.136744]",30.1772675,70.564434
S1A_IW_GRDH_1SDV_20201016T002847_20201016T002912_034814_040EC0_8999_COG,2020-10-16 00:28:47.367603+00:00,sentinel-1a,IW_GRDH_1S,IW,"['VV', 'VH']",descending,"[80.487381, 23.622967, 83.264908, 25.545845]",24.584406,81.87614450000001
S1A_IW_GRDH_1SDV_20210502T011605_20210502T011630_037702_0472E7_7922_COG,2021-05-02 01:16:05.884141+00:00,sentinel-1a,IW_GRDH_1S,IW,"['VV', 'VH']",descending,"[69.53273, 30.936237, 72.534317, 32.852398]",31.8943175,71.0335235
S1A_IW_GRDH_1SDV_20210502T011900_20210502T011926_037702_0472E7_C2C8_COG,2021-05-02 01:19:00.884136+00:00,sentinel-1a,IW_GRDH_1S,IW,"['VV', 'VH']",descending,"[67.477821, 20.341658, 70.228668, 22.314308]",21.327983,68.8532445
S1A_IW_GRDH_1SDV_20210502T121620_20210502T121645_037709_047321_A202_COG,2021-05-02 12:16:20.453469+00:00,sentinel-1a,IW_GRDH_1S,IW,"['VV', 'VH']",ascending,"[84.150108, 35.418007, 87.350914, 37.320824]",36.3694155,85.750511
S1A_IW_GRDH_1SDV_20210505T123941_20210505T124006_037753_0474A9_1C47_COG,2021-05-05 12:39:41.021005+00:00,sentinel-1a,IW_GRDH_1S,IW,"['VV', 'VH']",ascending,"[79.147301, 30.555283, 82.124474, 32.470066]",31.512674500000003,80.6358875
S1A_IW_GRDH_1SDV_20210506T004523_20210506T004548_037760_0474DD_5246_COG,2021-05-06 00:45:23.441991+00:00,sentinel-1a,IW_GRDH_1S,IW,"['VV', 'VH']",descending,"[76.245651, 22.961222, 79.003967, 24.887394]",23.924308,77.624809
S1A_IW_GRDH_1SDV_20210506T004728_20210506T004753_037760_0474DD_B489_COG,2021-05-06 00:47:28.441328+00:00,sentinel-1a,IW_GRDH_1S,IW,"['VV', 'VH']",descending,"[74.783157, 15.408092, 77.416557, 17.352411]",16.3802515,76.099857
S1A_IW_GRDH_1SDV_20210507T012448_20210507T012513_037775_047557_51EA_COG,2021-05-07 01:24:48.244173+00:00,sentinel-1a,IW_GRDH_1S,IW,"['VV', 'VH']",descending,"[67.1306, 29.232944, 70.065231, 31.150696]",30.19182,68.5979155
S1A_IW_GRDH_1SDV_20210507T122311_20210507T122336_037782_04758A_B9BA_COG,2021-05-07 12:23:11.963527+00:00,sentinel-1a,IW_GRDH_1S,IW,"['VV', 'VH']",ascending,"[83.285507, 30.448887, 86.282158, 32.362633]",31.40576,84.78383249999999
S1A_IW_GRDH_1SDV_20210507T122451_20210507T122516_037782_04758A_2DEC_COG,2021-05-07 12:24:51.963804+00:00,sentinel-1a,IW_GRDH_1S,IW,"['VV', 'VH']",ascending,"[81.795059, 36.463757, 85.046104, 38.364155]",37.413956,83.4205815
S1A_IW_GRDH_1SDV_20210508T002705_20210508T002730_037789_0475C9_6A49_COG,2021-05-08 00:27:05.206283+00:00,sentinel-1a,IW_GRDH_1S,IW,"['VV', 'VH']",descending,"[81.590363, 29.668552, 84.510963, 31.578175]",30.6233635,83.050663
S1A_IW_GRDH_1SDV_20210508T003050_20210508T003115_037789_0475C9_A892_COG,2021-05-08 00:30:50.205478+00:00,sentinel-1a,IW_GRDH_1S,IW,"['VV', 'VH']",descending,"[79.034485, 16.069021, 81.671387, 18.011818]",17.0404195,80.352936
S1A_IW_GRDH_1SDV_20210511T005509_20210511T005534_037833_047720_8157_COG,2021-05-11 00:55:09.977284+00:00,sentinel-1a,IW_GRDH_1S,IW,"['VV', 'VH']",descending,"[73.104691, 17.375589, 75.763954, 19.315203]",18.345396,74.43432250000001
S1A_IW_GRDH_1SDV_20210511T114804_20210511T114829_037840_047751_3EBB_COG,2021-05-11 11:48:04.896845+00:00,sentinel-1a,IW_GRDH_1S,IW,"['VV', 'VH']",ascending,"[93.201797, 22.446501, 95.988503, 24.381756]",23.4141285,94.59515
S1A_IW_GRDH_1SDV_20210511T235642_20210511T235707_037847_047785_7EB1_COG,2021-05-11 23:56:42.512365+00:00,sentinel-1a,IW_GRDH_1S,IW,"['VV', 'VH']",descending,"[88.084763, 20.486332, 90.822655, 22.423229]",21.4547805,89.453709
S1A_IW_GRDH_1SDV_20210513T113413_20210513T113438_037869_04782B_7EC2_COG,2021-05-13 11:34:13.155848+00:00,sentinel-1a,IW_GRDH_1S,IW,"['VV', 'VH']",ascending,"[95.308479, 31.84527, 98.327995, 33.757263]",32.8012665,96.818237
S1A_IW_GRDH_1SDV_20210523T132624_20210523T132649_038016_047CA0_666C_COG,2021-05-23 13:26:24.833083+00:00,sentinel-1a,IW_GRDH_1S,IW,"['VV', 'VH']",ascending,"[68.821609, 20.914427, 71.570259, 22.850735]",21.882581,70.195934
S1A_IW_GRDH_1SDV_20210527T232538_20210527T232606_038080_047E82_99F6_COG,2021-05-27 23:25:38.178067+00:00,sentinel-1a,IW_GRDH_1S,IW,"['VV', 'VH']",descending,"[95.00071, 13.668566, 97.672066, 15.810363]",14.7394645,96.336388
S1A_IW_GRDH_1SDV_20210602T011010_20210602T011035_038154_0480CD_1510_COG,2021-06-02 01:10:10.912269+00:00,sentinel-1a,IW_GRDH_1S,IW,"['VV', 'VH']",descending,"[69.986206, 22.66955, 72.771492, 24.602921]",23.6362355,71.378849
S1A_IW_GRDH_1SDV_20210602T120006_20210602T120035_038161_0480FC_D662_COG,2021-06-02 12:00:06.286456+00:00,sentinel-1a,IW_GRDH_1S,IW,"['VV', 'VH']",ascending,"[92.369865, 6.289408, 94.959816, 8.497121]",7.3932645,93.6648405
S1A_IW_GRDH_1SDV_20210602T120429_20210602T120454_038161_0480FD_0861_COG,2021-06-02 12:04:29.941406+00:00,sentinel-1a,IW_GRDH_1S,IW,"['VV', 'VH']",ascending,"[89.114288, 22.23037, 91.906509, 24.1665]",23.198435,90.5103985
S1A_IW_GRDH_1SDV_20210602T120454_20210602T120519_038161_0480FD_7E73_COG,2021-06-02 12:04:54.942382+00:00,sentinel-1a,IW_GRDH_1S,IW,"['VV', 'VH']",ascending,"[88.791306, 23.739933, 91.614479, 25.672596]",24.7062645,90.2028925
S1A_IW_GRDH_1SDV_20210604T005151_20210604T005216_038183_0481A3_669A_COG,2021-06-04 00:51:51.238869+00:00,sentinel-1a,IW_GRDH_1S,IW,"['VV', 'VH']",descending,"[75.454712, 29.449299, 78.340561, 31.366785]",30.408042,76.8976365
S1A_IW_GRDH_1SDV_20210606T233747_20210606T233812_038226_0482DF_4B01_COG,2021-06-06 23:37:47.658980+00:00,sentinel-1a,IW_GRDH_1S,IW,"['VV', 'VH']",descending,"[93.870583, 29.485817, 96.804581, 31.401125]",30.443471,95.337582
S1A_IW_GRDH_1SDV_20210606T234017_20210606T234042_038226_0482DF_208A_COG,2021-06-06 23:40:17.658766+00:00,sentinel-1a,IW_GRDH_1S,IW,"['VV', 'VH']",descending,"[92.183273, 20.420582, 94.919006, 22.355831]",21.3882065,93.5511395
S1A_IW_GRDH_1SDV_20210608T002155_20210608T002220_038241_048350_28AF_COG,2021-06-08 00:21:55.804829+00:00,sentinel-1a,IW_GRDH_1S,IW,"['VV', 'VH']",descending,"[81.583862, 18.636408, 84.257767, 20.572699]",19.6045535,82.9208145
S1A_IW_GRDH_1SDV_20210609T005958_20210609T010023_038256_0483BC_D233_COG,2021-06-09 00:59:58.840807+00:00,sentinel-1a,IW_GRDH_1S,IW,"['VV', 'VH']",descending,"[73.470848, 29.841433, 76.402863, 31.753981]",30.797707,74.93685550000001
S1A_IW_GRDH_1SDV_20210613T003027_20210613T003052_038314_048583_70AD_COG,2021-06-13 00:30:27.373017+00:00,sentinel-1a,IW_GRDH_1S,IW,"['VV', 'VH']",descending,"[79.32457, 17.580645, 81.979218, 19.520346]",18.5504955,80.651894
S1A_IW_GRDH_1SDV_20210625T003142_20210625T003207_038489_048ABF_E279_COG,2021-06-25 00:31:42.947777+00:00,sentinel-1a,IW_GRDH_1S,IW,"['VV', 'VH']",descending,"[78.446106, 13.045504, 81.04998, 14.995482]",14.020493,79.748043
S1A_IW_GRDH_1SDV_20210630T003949_20210630T004014_038562_048CE9_37C8_COG,2021-06-30 00:39:49.543511+00:00,sentinel-1a,IW_GRDH_1S,IW,"['VV', 'VH']",descending,"[76.464752, 13.503987, 79.082733, 15.451616]",14.4778015,77.7737425
S1A_IW_GRDH_1SDV_20210701T121145_20210701T121214_038584_048D87_6709_COG,2021-07-01 12:11:45.021262+00:00,sentinel-1a,IW_GRDH_1S,IW,"['VV', 'VH']",ascending,"[87.778008, 18.572058, 90.550735, 20.760551]",19.6663045,89.1643715
S1A_IW_GRDH_1SDV_20210702T002132_20210702T002157_038591_048DBF_E138_COG,2021-07-02 00:21:32.310645+00:00,sentinel-1a,IW_GRDH_1S,IW,"['VV', 'VH']",descending,"[81.874489, 20.147329, 84.579216, 22.078959]",21.113144,83.2268525
S1A_IW_GRDH_1SDV_20210702T002445_20210702T002514_038591_048DC0_0EE3_COG,2021-07-02 00:24:45.662000+00:00,sentinel-1a,IW_GRDH_1S,IW,"['VV', 'VH']",descending,"[79.563377, 8.211798, 82.163101, 10.414141]",9.3129695,80.863239
S1A_IW_GRDH_1SDV_20210703T115550_20210703T115615_038613_048E63_55D2_COG,2021-07-03 11:55:50.257255+00:00,sentinel-1a,IW_GRDH_1S,IW,"['VV', 'VH']",ascending,"[91.529015, 20.540873, 94.284897, 22.480589]",21.510731,92.906956
S1A_IW_GRDH_1SDV_20210705T004437_20210705T004502_038635_048F13_93D2_COG,2021-07-05 00:44:37.005931+00:00,sentinel-1a,IW_GRDH_1S,IW,"['VV', 'VH']",descending,"[76.834496, 25.978594, 79.660728, 27.898237]",26.9384155,78.247612
S1A_IW_GRDH_1SDV_20210705T234443_20210705T234508_038649_048F89_FA4B_COG,2021-07-05 23:44:43.316457+00:00,sentinel-1a,IW_GRDH_1S,IW,"['VV', 'VH']",descending,"[92.756569, 34.292789, 95.873772, 36.196545]",35.244667,94.3151705
S1A_IW_GRDH_1SDV_20210706T122455_20210706T122520_038657_048FC6_6CDF_COG,2021-07-06 12:24:55.433571+00:00,sentinel-1a,IW_GRDH_1S,IW,"['VV', 'VH']",ascending,"[81.79538, 36.463715, 85.046753, 38.364075]",37.413895,83.4210665
S1A_IW_GRDH_1SDV_20210707T003208_20210707T003233_038664_049005_8F95_COG,2021-07-07 00:32:08.648448+00:00,sentinel-1a,IW_GRDH_1S,IW,"['VV', 'VH']",descending,"[78.149445, 11.533438, 80.738083, 13.487463]",12.5104505,79.443764
S1A_IW_GRDH_1SDV_20210712T003810_20210712T003835_038737_049231_7C2A_COG,2021-07-12 00:38:10.218296+00:00,sentinel-1a,IW_GRDH_1S,IW,"['VV', 'VH']",descending,"[77.646729, 19.54718, 80.338394, 21.481644]",20.514412,78.9925615
S1A_IW_GRDH_1SDV_20210712T004040_20210712T004105_038737_049231_2866_COG,2021-07-12 00:40:40.218647+00:00,sentinel-1a,IW_GRDH_1S,IW,"['VV', 'VH']",descending,"[75.877502, 10.478415, 78.455559, 12.436139]",11.457277,77.1665305
S1A_IW_GRDH_1SDV_20210712T233749_20210712T233814_038751_04929A_8A4C_COG,2021-07-12 23:37:49.864252+00:00,sentinel-1a,IW_GRDH_1S,IW,"['VV', 'VH']",descending,"[93.870094, 29.485752, 96.803986, 31.401014]",30.443383,95.33704
S1A_IW_GRDH_1SDV_20210714T002515_20210714T002540_038766_04930F_C9FE_COG,2021-07-14 00:25:15.381587+00:00,sentinel-1a,IW_GRDH_1S,IW,"['VV', 'VH']",descending,"[79.248077, 6.702076, 81.801849, 8.663348]",7.682711999999999,80.524963
S1A_IW_GRDH_1SDV_20210722T005539_20210722T005604_038883_049695_D65B_COG,2021-07-22 00:55:39.161390+00:00,sentinel-1a,IW_GRDH_1S,IW,"['VV', 'VH']",descending,"[72.810966, 15.864453, 75.451431, 17.807463]",16.835957999999998,74.1311985
S1A_IW_GRDH_1SDV_20210801T010949_20210801T011014_039029_049AEF_3DFD_COG,2021-08-01 01:09:49.590325+00:00,sentinel-1a,IW_GRDH_1S,IW,"['VV', 'VH']",descending,"[70.274719, 24.179306, 73.096733, 26.108772]",25.144039,71.685726
S1A_IW_GRDH_1SDV_20210804T123038_20210804T123103_039080_049C77_ED9F_COG,2021-08-04 12:30:38.262146+00:00,sentinel-1a,IW_GRDH_1S,IW,"['VV', 'VH']",ascending,"[81.903984, 27.255713, 84.752701, 29.184153]",28.219933,83.32834249999999
S1A_IW_GRDH_1SDV_20210807T002159_20210807T002224_039116_049DB5_0199_COG,2021-08-07 00:21:59.433682+00:00,sentinel-1a,IW_GRDH_1S,IW,"['VV', 'VH']",descending,"[81.583885, 18.636209, 84.2575, 20.572454]",19.6043315,82.9206925
S1A_IW_GRDH_1SDV_20210810T004504_20210810T004529_039160_049F39_77C3_COG,2021-08-10 00:45:04.105208+00:00,sentinel-1a,IW_GRDH_1S,IW,"['VV', 'VH']",descending,"[76.538269, 24.470339, 79.332146, 26.392662]",25.4315005,77.93520749999999
S1A_IW_GRDH_1SDV_20210817T131122_20210817T131147_039270_04A303_8777_COG,2021-08-17 13:11:22.850005+00:00,sentinel-1a,IW_GRDH_1S,IW,"['VV', 'VH']",ascending,"[71.900665, 25.771391, 74.750999, 27.696457]",26.733924,73.32583199999999
S1A_IW_GRDH_1SDV_20210820T010258_20210820T010323_039306_04A443_22F2_COG,2021-08-20 01:02:58.014687+00:00,sentinel-1a,IW_GRDH_1S,IW,"['VV', 'VH']",descending,"[71.419022, 19.278347, 74.110268, 21.214005]",20.246176,72.764645
S1A_IW_GRDH_1SDV_20210827T005516_20210827T005541_039408_04A7BA_2789_COG,2021-08-27 00:55:16.171780+00:00,sentinel-1a,IW_GRDH_1S,IW,"['VV', 'VH']",descending,"[73.10508, 17.37542, 75.764366, 19.315067]",18.3452435,74.43472299999999
S1A_IW_GRDH_1SDV_20210902T000520_20210902T000549_039495_04AAB3_38EF_COG,2021-09-02 00:05:20.964835+00:00,sentinel-1a,IW_GRDH_1S,IW,"['VV', 'VH']",descending,"[85.771675, 19.157747, 88.531975, 21.308336]",20.2330415,87.151825
S1A_IW_GRDH_1SDV_20210903T004710_20210903T004735_039510_04AB39_4E8F_COG,2021-09-03 00:47:10.192071+00:00,sentinel-1a,IW_GRDH_1S,IW,"['VV', 'VH']",descending,"[75.077309, 16.919159, 77.729965, 18.859888]",17.889523500000003,76.403637
S1A_IW_GRDH_1SDV_20210906T120550_20210906T120615_039561_04AD0D_1BFB_COG,2021-09-06 12:05:50.472443+00:00,sentinel-1a,IW_GRDH_1S,IW,"['VV', 'VH']",ascending,"[88.213295, 26.759398, 91.040771, 28.695265]",27.7273315,89.62703300000001
S1A_IW_GRDH_1SDV_20210908T005451_20210908T005516_039583_04ADCE_4BD0_COG,2021-09-08 00:54:51.759098+00:00,sentinel-1a,IW_GRDH_1S,IW,"['VV', 'VH']",descending,"[73.397125, 18.886467, 76.083176, 20.821812]",19.8541395,74.7401505
S1A_IW_GRDH_1SDV_20210908T235534_20210908T235559_039597_04AE3C_CE15_COG,2021-09-08 23:55:34.279901+00:00,sentinel-1a,IW_GRDH_1S,IW,"['VV', 'VH']",descending,"[88.957405, 25.015776, 91.788963, 26.942175]",25.9789755,90.373184
S1A_IW_GRDH_1SDV_20210910T233933_20210910T233958_039626_04AF45_B8EC_COG,2021-09-10 23:39:33.028490+00:00,sentinel-1a,IW_GRDH_1S,IW,"['VV', 'VH']",descending,"[92.770699, 23.439646, 95.555328, 25.369459]",24.4045525,94.1630135
S1A_IW_GRDH_1SDV_20210911T121357_20210911T121422_039634_04AF85_2DF3_COG,2021-09-11 12:13:57.907688+00:00,sentinel-1a,IW_GRDH_1S,IW,"['VV', 'VH']",ascending,"[86.250572, 26.365606, 89.045609, 28.304379]",27.3349925,87.6480905
S1A_IW_GRDH_1SDV_20210913T115914_20210913T115939_039663_04B08B_7E04_COG,2021-09-13 11:59:14.050310+00:00,sentinel-1a,IW_GRDH_1S,IW,"['VV', 'VH']",ascending,"[88.955414, 32.621334, 92.024277, 34.532848]",33.577091,90.4898455
S1A_IW_GRDH_1SDV_20210917T002712_20210917T002737_039714_04B23D_9B6B_COG,2021-09-17 00:27:12.456901+00:00,sentinel-1a,IW_GRDH_1S,IW,"['VV', 'VH']",descending,"[81.590744, 29.668308, 84.511589, 31.577978]",30.623143,83.0511665
S1A_IW_GRDH_1SDV_20210917T002737_20210917T002802_039714_04B23D_460C_COG,2021-09-17 00:27:37.456379+00:00,sentinel-1a,IW_GRDH_1S,IW,"['VV', 'VH']",descending,"[81.342354, 28.152988, 84.173462, 30.073814]",29.113401,82.757908
S1A_IW_GRDH_1SDV_20210919T001408_20210919T001435_039743_04B33F_650E_COG,2021-09-19 00:14:08.836047+00:00,sentinel-1a,IW_GRDH_1S,IW,"['VV', 'VH']",descending,"[83.377838, 17.279495, 86.054817, 19.295736]",18.2876155,84.7163275
S1A_IW_GRDH_1SDV_20210919T231939_20210919T232004_039757_04B3B6_934E_COG,2021-09-19 23:19:39.463050+00:00,sentinel-1a,IW_GRDH_1S,IW,"['VV', 'VH']",descending,"[95.554039, 6.070462, 98.12883, 8.043393]",7.0569275000000005,96.8414345
S1A_IW_GRDH_1SDV_20210920T005542_20210920T005607_039758_04B3BB_0572_COG,2021-09-20 00:55:42.165567+00:00,sentinel-1a,IW_GRDH_1S,IW,"['VV', 'VH']",descending,"[72.811096, 15.864459, 75.451668, 17.807484]",16.8359715,74.131382
S1A_IW_GRDH_1SDV_20210924T002251_20210924T002321_039816_04B5AC_B891_COG,2021-09-24 00:22:51.534641+00:00,sentinel-1a,IW_GRDH_1S,IW,"['VV', 'VH']",descending,"[80.950577, 15.337951, 83.636787, 17.556246]",16.447098500000003,82.29368199999999
S1A_IW_GRDH_1SDV_20211001T124707_20211001T124732_039926_04B98B_B187_COG,2021-10-01 12:47:07.681462+00:00,sentinel-1a,IW_GRDH_1S,IW,"['VV', 'VH']",ascending,"[77.754417, 27.230307, 80.640099, 29.151701]",28.191004,79.197258
S1A_IW_GRDH_1SDV_20211004T003450_20211004T003519_039962_04BAC8_DDFF_COG,2021-10-04 00:34:50.112101+00:00,sentinel-1a,IW_GRDH_1S,IW,"['VV', 'VH']",descending,"[79.91613, 31.629269, 82.94516, 33.779133]",32.704201,81.430645
S1A_IW_GRDH_1SDV_20211004T004044_20211004T004109_039962_04BAC8_1E19_COG,2021-10-04 00:40:44.134989+00:00,sentinel-1a,IW_GRDH_1S,IW,"['VV', 'VH']",descending,"[75.877563, 10.478455, 78.455933, 12.436249]",11.457352,77.166748
S1A_IW_GRDH_1SDV_20211004T131411_20211004T131436_039970_04BB0C_5C73_COG,2021-10-04 13:14:11.262930+00:00,sentinel-1a,IW_GRDH_1S,IW,"['VV', 'VH']",ascending,"[69.626595, 35.819626, 72.846832, 37.717678]",36.768652,71.23671350000001
S1A_IW_GRDH_1SDV_20211005T121448_20211005T121513_039984_04BB88_50F4_COG,2021-10-05 12:14:48.535833+00:00,sentinel-1a,IW_GRDH_1S,IW,"['VV', 'VH']",ascending,"[85.573944, 29.394781, 88.538429, 31.312113]",30.353447,87.0561865
S1A_IW_GRDH_1SDV_20211006T002046_20211006T002111_039991_04BBCD_8CC9_COG,2021-10-06 00:20:46.761571+00:00,sentinel-1a,IW_GRDH_1S,IW,"['VV', 'VH']",descending,"[82.45443, 23.168036, 85.223724, 25.091457]",24.1297465,83.839077
S1A_IW_GRDH_1SDV_20211009T004326_20211009T004351_040035_04BD42_4C6E_COG,2021-10-09 00:43:26.357971+00:00,sentinel-1a,IW_GRDH_1S,IW,"['VV', 'VH']",descending,"[77.647919, 30.51339, 80.589493, 32.423233]",31.4683115,79.118706
S1A_IW_GRDH_1SDV_20211009T234717_20211009T234742_040049_04BDBB_4CD1_COG,2021-10-09 23:47:17.655176+00:00,sentinel-1a,IW_GRDH_1S,IW,"['VV', 'VH']",descending,"[91.052452, 25.239042, 93.896744, 27.162197]",26.2006195,92.474598
S1A_IW_GRDH_1SDV_20211011T003327_20211011T003350_040064_04BE46_7586_COG,2021-10-11 00:33:27.981382+00:00,sentinel-1a,IW_GRDH_1S,IW,"['VV', 'VH']",descending,"[77.273842, 7.118029, 79.806732, 8.962574]",8.0403015,78.540287
S1A_IW_GRDH_1SDV_20211012T120342_20211012T120411_040086_04BF12_C094_COG,2021-10-12 12:03:42.323208+00:00,sentinel-1a,IW_GRDH_1S,IW,"['VV', 'VH']",ascending,"[89.752068, 18.966658, 92.535515, 21.15349]",20.060074,91.1437915
S1A_IW_GRDH_1SDV_20211023T130602_20211023T130627_040247_04C4AB_D819_COG,2021-10-23 13:06:02.471652+00:00,sentinel-1a,IW_GRDH_1S,IW,"['VV', 'VH']",ascending,"[71.661156, 36.105461, 74.833359, 38.010796]",37.0581285,73.2472575
S1A_IW_GRDH_1SDV_20211024T120012_20211024T120041_040261_04C52D_DEDE_COG,2021-10-24 12:00:12.786039+00:00,sentinel-1a,IW_GRDH_1S,IW,"['VV', 'VH']",ascending,"[92.368889, 6.288773, 94.959015, 8.497191]",7.392982,93.663952
S1A_IW_GRDH_1SDV_20220501T234740_20220501T234805_043024_05231C_9EDA_COG,2022-05-01 23:47:40.081389+00:00,sentinel-1a,IW_GRDH_1S,IW,"['VV', 'VH']",descending,"[90.75972, 23.730146, 93.558678, 25.658346]",24.694246,92.159199
S1A_IW_GRDH_1SDV_20220502T012453_20220502T012518_043025_052323_0D3C_COG,2022-05-02 01:24:53.506834+00:00,sentinel-1a,IW_GRDH_1S,IW,"['VV', 'VH']",descending,"[67.130608, 29.233006, 70.065125, 31.150724]",30.191865,68.5978665
S1A_IW_GRDH_1SDV_20220502T122407_20220502T122432_043032_052357_0BF2_COG,2022-05-02 12:24:07.166333+00:00,sentinel-1a,IW_GRDH_1S,IW,"['VV', 'VH']",ascending,"[82.590851, 33.460312, 85.686073, 35.368999]",34.4146555,84.138462
S1A_IW_GRDH_1SDV_20220504T010654_20220504T010719_043054_052427_50F0_COG,2022-05-04 01:06:54.644481+00:00,sentinel-1a,IW_GRDH_1S,IW,"['VV', 'VH']",descending,"[72.288422, 34.738605, 75.406372, 36.648209]",35.693407,73.847397
S1A_IW_GRDH_1SDV_20220505T001251_20220505T001316_043068_05249D_93FF_COG,2022-05-05 00:12:51.488873+00:00,sentinel-1a,IW_GRDH_1S,IW,"['VV', 'VH']",descending,"[84.264542, 21.888803, 87.007385, 23.817404]",22.8531035,85.6359635
S1A_IW_GRDH_1SDV_20220506T235647_20220506T235712_043097_05257D_756F_COG,2022-05-06 23:56:47.612479+00:00,sentinel-1a,IW_GRDH_1S,IW,"['VV', 'VH']",descending,"[88.08712, 20.486435, 90.825134, 22.42342]",21.4549275,89.45612700000001
S1A_IW_GRDH_1SDV_20220507T123308_20220507T123333_043105_0525C6_6878_COG,2022-05-07 12:33:08.408042+00:00,sentinel-1a,IW_GRDH_1S,IW,"['VV', 'VH']",ascending,"[79.786781, 36.299385, 83.010643, 38.200455]",37.24992,81.398712
S1A_IW_GRDH_1SDV_20220508T003836_20220508T003901_043112_052609_F385_COG,2022-05-08 00:38:36.872740+00:00,sentinel-1a,IW_GRDH_1S,IW,"['VV', 'VH']",descending,"[77.354225, 18.036938, 80.025124, 19.974476]",19.005707,78.6896745
S1A_IW_GRDH_1SDV_20220509T011521_20220509T011546_043127_052689_A398_COG,2022-05-09 01:15:21.894085+00:00,sentinel-1a,IW_GRDH_1S,IW,"['VV', 'VH']",descending,"[70.125137, 33.948757, 73.181892, 35.865932]",34.9073445,71.6535145
S1A_IW_GRDH_1SDV_20220509T011751_20220509T011816_043127_052689_71FD_COG,2022-05-09 01:17:51.894001+00:00,sentinel-1a,IW_GRDH_1S,IW,"['VV', 'VH']",descending,"[68.357628, 24.904892, 71.195107, 26.833385]",25.8691385,69.77636749999999
S1A_IW_GRDH_1SDV_20220510T002019_20220510T002044_043141_052704_3D38_COG,2022-05-10 00:20:19.742351+00:00,sentinel-1a,IW_GRDH_1S,IW,"['VV', 'VH']",descending,"[82.757767, 24.675611, 85.5504, 26.597584]",25.6365975,84.1540835
S1A_IW_GRDH_1SDV_20220510T002159_20220510T002224_043141_052704_E69B_COG,2022-05-10 00:21:59.741700+00:00,sentinel-1a,IW_GRDH_1S,IW,"['VV', 'VH']",descending,"[81.584816, 18.636475, 84.258461, 20.572771]",19.604623,82.9216385
S1A_IW_GRDH_1SDV_20220511T010232_20220511T010257_043156_052776_FB6A_COG,2022-05-11 01:02:32.798724+00:00,sentinel-1a,IW_GRDH_1S,IW,"['VV', 'VH']",descending,"[71.710587, 20.789244, 74.430649, 22.720879]",21.7550615,73.070618
S1A_IW_GRDH_1SDV_20220513T004439_20220513T004504_043185_052850_97FF_COG,2022-05-13 00:44:39.613179+00:00,sentinel-1a,IW_GRDH_1S,IW,"['VV', 'VH']",descending,"[76.834442, 25.978653, 79.660789, 27.898342]",26.9384975,78.2476155
S1A_IW_GRDH_1SDV_20220513T114138_20220513T114203_043192_05288C_E429_COG,2022-05-13 11:41:38.724722+00:00,sentinel-1a,IW_GRDH_1S,IW,"['VV', 'VH']",ascending,"[93.969543, 28.587925, 96.868996, 30.512543]",29.550234,95.4192695
S1A_IW_GRDH_1SDV_20220514T122113_20220514T122138_043207_052903_E34B_COG,2022-05-14 12:21:13.143102+00:00,sentinel-1a,IW_GRDH_1S,IW,"['VV', 'VH']",ascending,"[84.862022, 22.893145, 87.661774, 24.825787]",23.859466,86.261898
S1A_IW_GRDH_1SDV_20220517T124845_20220517T124910_043251_052A56_006E_COG,2022-05-17 12:48:45.898044+00:00,sentinel-1a,IW_GRDH_1S,IW,"['VV', 'VH']",ascending,"[76.460419, 33.270695, 79.539505, 35.177032]",34.2238635,77.99996200000001
S1A_IW_GRDH_1SDV_20220521T121627_20220521T121652_043309_052C00_3BA5_COG,2022-05-21 12:16:27.286541+00:00,sentinel-1a,IW_GRDH_1S,IW,"['VV', 'VH']",ascending,"[84.149529, 35.418102, 87.350319, 37.321014]",36.369558,85.749924
S1A_IW_GRDH_1SDV_20220530T005402_20220530T005427_043433_052FB5_5463_COG,2022-05-30 00:54:02.009208+00:00,sentinel-1a,IW_GRDH_1S,IW,"['VV', 'VH']",descending,"[73.987221, 21.906199, 76.720352, 23.835655]",22.870927,75.35378650000001
S1A_IW_GRDH_1SDV_20220601T113510_20220601T113535_043469_0530BE_9BAC_COG,2022-06-01 11:35:10.322106+00:00,sentinel-1a,IW_GRDH_1S,IW,"['VV', 'VH']",ascending,"[94.560425, 34.856194, 97.730698, 36.757599]",35.8068965,96.1455615
S1A_IW_GRDH_1SDV_20220602T011818_20220602T011843_043477_0530F7_EB6C_COG,2022-06-02 01:18:18.801115+00:00,sentinel-1a,IW_GRDH_1S,IW,"['VV', 'VH']",descending,"[68.065369, 23.395496, 70.869553, 25.327234]",24.361365,69.467461
S1A_IW_GRDH_1SDV_20220602T011843_20220602T011908_043477_0530F7_55E9_COG,2022-06-02 01:18:43.800540+00:00,sentinel-1a,IW_GRDH_1S,IW,"['VV', 'VH']",descending,"[67.773125, 21.885866, 70.548042, 23.820883]",22.8533745,69.1605835
S1A_IW_GRDH_1SDV_20220602T121243_20220602T121308_043484_053126_C8D1_COG,2022-06-02 12:12:43.397582+00:00,sentinel-1a,IW_GRDH_1S,IW,"['VV', 'VH']",ascending,"[87.140625, 21.837561, 89.919434, 23.774096]",22.8058285,88.5300295
S1A_IW_GRDH_1SDV_20220603T001837_20220603T001906_043491_053160_4D88_COG,2022-06-03 00:18:37.653815+00:00,sentinel-1a,IW_GRDH_1S,IW,"['VV', 'VH']",descending,"[83.853523, 30.720877, 86.851219, 32.871517]",31.796197,85.352371
S1A_IW_GRDH_1SDV_20220606T132215_20220606T132240_043543_0532F7_9C90_COG,2022-06-06 13:22:15.815732+00:00,sentinel-1a,IW_GRDH_1S,IW,"['VV', 'VH']",ascending,"[67.680374, 35.248428, 70.873627, 37.146568]",36.197498,69.2770005
S1A_IW_GRDH_1SDV_20220610T001229_20220610T001254_043593_053470_74C7_COG,2022-06-10 00:12:29.616550+00:00,sentinel-1a,IW_GRDH_1S,IW,"['VV', 'VH']",descending,"[84.557228, 23.397802, 87.328171, 25.323368]",24.360585,85.9426995
S1A_IW_GRDH_1SDV_20220702T003059_20220702T003124_043914_053E0E_212F_COG,2022-07-02 00:30:59.577913+00:00,sentinel-1a,IW_GRDH_1S,IW,"['VV', 'VH']",descending,"[79.033821, 16.068943, 81.670624, 18.011703]",17.040323,80.35222250000001
S1A_IW_GRDH_1SDV_20220702T233240_20220702T233305_043928_053E7A_1A59_COG,2022-07-02 23:32:40.417248+00:00,sentinel-1a,IW_GRDH_1S,IW,"['VV', 'VH']",descending,"[93.913361, 18.682011, 96.609306, 20.622717]",19.652364,95.2613335
S1A_IW_GRDH_1SDV_20220704T000910_20220704T000935_043943_053EE1_2CEC_COG,2022-07-04 00:09:10.967271+00:00,sentinel-1a,IW_GRDH_1S,IW,"['VV', 'VH']",descending,"[86.838112, 35.469307, 89.979782, 37.367386]",36.4183465,88.408947
S1A_IW_GRDH_1SDV_20220707T234050_20220707T234115_044001_054098_2CEC_COG,2022-07-07 23:40:50.615793+00:00,sentinel-1a,IW_GRDH_1S,IW,"['VV', 'VH']",descending,"[91.900238, 18.908237, 94.59671, 20.849583]",19.87891,93.248474
S1A_IW_GRDH_1SDV_20220708T121310_20220708T121335_044009_0540D0_1914_COG,2022-07-08 12:13:10.536427+00:00,sentinel-1a,IW_GRDH_1S,IW,"['VV', 'VH']",ascending,"[86.818993, 23.347546, 89.628769, 25.280413]",24.3139795,88.223881
S1A_IW_GRDH_1SDV_20220709T125724_20220709T125749_044024_054146_D15E_COG,2022-07-09 12:57:24.588253+00:00,sentinel-1a,IW_GRDH_1S,IW,"['VV', 'VH']",ascending,"[74.09024, 34.536179, 77.200348, 36.442081]",35.48913,75.645294
S1A_IW_GRDH_1SDV_20220712T114142_20220712T114207_044067_054294_6EAD_COG,2022-07-12 11:41:42.599085+00:00,sentinel-1a,IW_GRDH_1S,IW,"['VV', 'VH']",ascending,"[93.970276, 28.587902, 96.869705, 30.512482]",29.550192,95.4199905
S1A_IW_GRDH_1SDV_20220719T131143_20220719T131208_044170_0545AF_5BCD_COG,2022-07-19 13:11:43.999188+00:00,sentinel-1a,IW_GRDH_1S,IW,"['VV', 'VH']",ascending,"[71.67923, 26.770273, 74.557655, 28.692547]",27.73141,73.1184425
S1A_IW_GRDH_1SDV_20220719T234051_20220719T234116_044176_0545DD_5230_COG,2022-07-19 23:40:51.429232+00:00,sentinel-1a,IW_GRDH_1S,IW,"['VV', 'VH']",descending,"[91.900406, 18.90822, 94.596886, 20.849579]",19.8788995,93.248646
S1A_IW_GRDH_1SDV_20220721T124952_20220721T125017_044199_054681_EBE5_COG,2022-07-21 12:49:52.253207+00:00,sentinel-1a,IW_GRDH_1S,IW,"['VV', 'VH']",ascending,"[79.897247, 7.165931, 82.4459, 9.127703]",8.146817,81.1715735
S1A_IW_GRDH_1SDV_20220801T011757_20220801T011822_044352_054B06_3FE0_COG,2022-08-01 01:17:57.531204+00:00,sentinel-1a,IW_GRDH_1S,IW,"['VV', 'VH']",descending,"[68.356232, 24.904779, 71.193558, 26.83312]",25.8689495,69.774895
S1A_IW_GRDH_1SDV_20220804T000205_20220804T000230_044395_054C4A_4C63_COG,2022-08-04 00:02:05.946251+00:00,sentinel-1a,IW_GRDH_1S,IW,"['VV', 'VH']",descending,"[88.076195, 31.451752, 91.074516, 33.364769]",32.4082605,89.5753555
S1A_IW_GRDH_1SDV_20220805T004358_20220805T004423_044410_054CBB_D0C4_COG,2022-08-05 00:43:58.793700+00:00,sentinel-1a,IW_GRDH_1S,IW,"['VV', 'VH']",descending,"[77.359436, 28.775341, 80.214836, 30.701401]",29.738371,78.787136
S1A_IW_GRDH_1SDV_20220806T121959_20220806T122028_044432_054D5E_20C5_COG,2022-08-06 12:19:59.625572+00:00,sentinel-1a,IW_GRDH_1S,IW,"['VV', 'VH']",ascending,"[85.815079, 18.117191, 88.576424, 20.305368]",19.2112795,87.1957515
S1A_IW_GRDH_1SDV_20220806T122143_20220806T122208_044432_054D5E_1420_COG,2022-08-06 12:21:43.663530+00:00,sentinel-1a,IW_GRDH_1S,IW,"['VV', 'VH']",ascending,"[84.532677, 24.402109, 87.366295, 26.331324]",25.3667165,85.94948600000001
S1A_IW_GRDH_1SDV_20220807T233012_20220807T233037_044453_054E04_C493_COG,2022-08-07 23:30:12.732764+00:00,sentinel-1a,IW_GRDH_1S,IW,"['VV', 'VH']",descending,"[95.634987, 27.744736, 98.494759, 29.667963]",28.7063495,97.064873
S1A_IW_GRDH_1SDV_20220809T001107_20220809T001132_044468_054E71_D8E8_COG,2022-08-09 00:11:07.231884+00:00,sentinel-1a,IW_GRDH_1S,IW,"['VV', 'VH']",descending,"[85.468948, 28.603796, 88.371986, 30.518864]",29.56133,86.920467
S1A_IW_GRDH_1SDV_20220810T005140_20220810T005205_044483_054EEC_F664_COG,2022-08-10 00:51:40.199747+00:00,sentinel-1a,IW_GRDH_1S,IW,"['VV', 'VH']",descending,"[75.662292, 30.741497, 78.584618, 32.661064]",31.701280500000003,77.123455
S1A_IW_GRDH_1SDV_20220810T005640_20220810T005702_044483_054EEC_E297_COG,2022-08-10 00:56:40.200597+00:00,sentinel-1a,IW_GRDH_1S,IW,"['VV', 'VH']",descending,"[72.20015, 12.762385, 74.789513, 14.573963]",13.668174,73.4948315
S1A_IW_GRDH_1SDV_20220812T234002_20220812T234027_044526_055055_3FB3_COG,2022-08-12 23:40:02.929252+00:00,sentinel-1a,IW_GRDH_1S,IW,"['VV', 'VH']",descending,"[92.479088, 21.929781, 95.238136, 23.862318]",22.8960495,93.858612
S1A_IW_GRDH_1SDV_20220815T010032_20220815T010057_044556_055158_BCB1_COG,2022-08-15 01:00:32.432851+00:00,sentinel-1a,IW_GRDH_1S,IW,"['VV', 'VH']",descending,"[73.167976, 28.43725, 76.089058, 30.355724]",29.396487,74.62851699999999
S1A_IW_GRDH_1SDV_20220815T010237_20220815T010302_044556_055158_7EC6_COG,2022-08-15 01:02:37.432934+00:00,sentinel-1a,IW_GRDH_1S,IW,"['VV', 'VH']",descending,"[71.706131, 20.892151, 74.45118, 22.827623]",21.859887,73.0786555
S1A_IW_GRDH_1SDV_20220818T012500_20220818T012525_044600_0552D9_F7E2_COG,2022-08-18 01:25:00.605700+00:00,sentinel-1a,IW_GRDH_1S,IW,"['VV', 'VH']",descending,"[67.129807, 29.232765, 70.064461, 31.150494]",30.1916295,68.597134
S1A_IW_GRDH_1SDV_20220821T124712_20220821T124737_044651_05549B_26B9_COG,2022-08-21 12:47:12.388445+00:00,sentinel-1a,IW_GRDH_1S,IW,"['VV', 'VH']",ascending,"[77.754921, 27.230343, 80.640366, 29.151676]",28.1910095,79.1976435
S1A_IW_GRDH_1SDV_20220903T114702_20220903T114727_044840_055AEA_6114_COG,2022-09-03 11:47:02.930171+00:00,sentinel-1a,IW_GRDH_1S,IW,"['VV', 'VH']",ascending,"[94.13884, 17.91337, 96.849144, 19.859169]",18.8862695,95.493992
S1A_IW_GRDH_1SDV_20220906T011709_20220906T011734_044877_055C32_1BE4_COG,2022-09-06 01:17:09.660201+00:00,sentinel-1a,IW_GRDH_1S,IW,"['VV', 'VH']",descending,"[68.940582, 27.921425, 71.856552, 29.843142]",28.8822835,70.398567
S1A_IW_GRDH_1SDV_20220907T002236_20220907T002301_044891_055CB2_FCF9_COG,2022-09-07 00:22:36.056586+00:00,sentinel-1a,IW_GRDH_1S,IW,"['VV', 'VH']",descending,"[81.235321, 16.90427, 83.897438, 18.848616]",17.876443000000002,82.5663795
S1A_IW_GRDH_1SDV_20220909T124109_20220909T124134_044928_055DDA_EF78_COG,2022-09-09 12:41:09.703977+00:00,sentinel-1a,IW_GRDH_1S,IW,"['VV', 'VH']",ascending,"[78.073792, 35.075638, 81.24968, 36.976582]",36.02611,79.66173599999999
S1A_IW_GRDH_1SDV_20220914T124943_20220914T125008_045001_056062_CD26_COG,2022-09-14 12:49:43.466000+00:00,sentinel-1a,IW_GRDH_1S,IW,"['VV', 'VH']",ascending,"[75.717186, 36.279709, 78.932114, 38.178986]",37.2293475,77.32464999999999
S1A_IW_GRDH_1SDV_20220924T003156_20220924T003221_045139_056501_2901_COG,2022-09-24 00:31:56.849578+00:00,sentinel-1a,IW_GRDH_1S,IW,"['VV', 'VH']",descending,"[78.386398, 12.82566, 81.006989, 14.779664]",13.802662,79.69669350000001
S1A_IW_GRDH_1SDV_20221001T125728_20221001T125753_045249_0568B6_00C8_COG,2022-10-01 12:57:28.575399+00:00,sentinel-1a,IW_GRDH_1S,IW,"['VV', 'VH']",ascending,"[74.089447, 34.536224, 77.199829, 36.442093]",35.4891585,75.644638
S1A_IW_GRDH_1SDV_20221001T232525_20221001T232550_045255_0568E5_293E_COG,2022-10-01 23:25:25.860120+00:00,sentinel-1a,IW_GRDH_1S,IW,"['VV', 'VH']",descending,"[95.331642, 15.369995, 97.983086, 17.318457]",16.344226,96.657364
S1A_IW_GRDH_1SDV_20221002T115600_20221002T115625_045263_056921_8DDE_COG,2022-10-02 11:56:00.683599+00:00,sentinel-1a,IW_GRDH_1S,IW,"['VV', 'VH']",ascending,"[91.528053, 20.540943, 94.284164, 22.480717]",21.51083,92.9061085
S1A_IW_GRDH_1SDV_20221004T132041_20221004T132106_045293_056A31_0D66_COG,2022-10-04 13:20:41.483552+00:00,sentinel-1a,IW_GRDH_1S,IW,"['VV', 'VH']",ascending,"[69.104393, 29.217779, 72.024658, 31.136749]",30.177264,70.5645255
S1A_IW_GRDH_1SDV_20221004T132156_20221004T132221_045293_056A31_EDED_COG,2022-10-04 13:21:56.483633+00:00,sentinel-1a,IW_GRDH_1S,IW,"['VV', 'VH']",ascending,"[68.090897, 33.742329, 71.167519, 35.650696]",34.6965125,69.629208
S1A_IW_GRDH_1SDV_20221006T003042_20221006T003107_045314_056AE2_1F7E_COG,2022-10-06 00:30:42.364012+00:00,sentinel-1a,IW_GRDH_1S,IW,"['VV', 'VH']",descending,"[79.264542, 17.360941, 81.936676, 19.304176]",18.3325585,80.600609
S1A_IW_GRDH_1SDV_20221008T001429_20221008T001447_045343_056BDC_369D_COG,2022-10-08 00:14:29.194018+00:00,sentinel-1a,IW_GRDH_1S,IW,"['VV', 'VH']",descending,"[83.302345, 16.946089, 85.879501, 18.45557]",17.7008295,84.590923
S1A_IW_GRDH_1SDV_20221009T115113_20221009T115138_045365_056C89_9EEC_COG,2022-10-09 11:51:13.443330+00:00,sentinel-1a,IW_GRDH_1S,IW,"['VV', 'VH']",ascending,"[90.928032, 33.013115, 94.005112, 34.924122]",33.9686185,92.466572
S1A_IW_GRDH_1SDV_20221011T003553_20221011T003618_045387_056D51_6F08_COG,2022-10-11 00:35:53.745646+00:00,sentinel-1a,IW_GRDH_1S,IW,"['VV', 'VH']",descending,"[79.334343, 28.384096, 82.17083, 30.312153]",29.3481245,80.7525865
S1A_IW_GRDH_1SDV_20221011T234004_20221011T234029_045401_056DCC_3FA6_COG,2022-10-11 23:40:04.601508+00:00,sentinel-1a,IW_GRDH_1S,IW,"['VV', 'VH']",descending,"[92.479515, 21.92992, 95.239372, 23.862392]",22.896156,93.8594435
S1A_IW_GRDH_1SDV_20221013T232550_20221013T232618_045430_056EC3_0BE1_COG,2022-10-13 23:25:50.720020+00:00,sentinel-1a,IW_GRDH_1S,IW,"['VV', 'VH']",descending,"[95.001335, 13.667687, 97.673073, 15.810369]",14.739028,96.337204
S1A_IW_GRDH_1SDV_20221017T012527_20221017T012552_045475_057019_86AA_COG,2022-10-17 01:25:27.205850+00:00,sentinel-1a,IW_GRDH_1S,IW,"['VV', 'VH']",descending,"[66.854996, 27.721926, 69.734924, 29.645079]",28.6835025,68.29496
S1A_IW_GRDH_1SDV_20221017T122001_20221017T122030_045482_057040_8A3A_COG,2022-10-17 12:20:01.871324+00:00,sentinel-1a,IW_GRDH_1S,IW,"['VV', 'VH']",ascending,"[85.815361, 18.11904, 88.518242, 20.295231]",19.2071355,87.16680149999999
S1A_IW_GRDH_1SDV_20221017T122030_20221017T122042_045482_057040_85F5_COG,2022-10-17 12:20:30.877653+00:00,sentinel-1a,IW_GRDH_1S,IW,"['VV', 'VH']",ascending,"[85.666321, 19.871859, 88.17849, 21.008297]",20.440078,86.9224055
S1A_IW_GRDH_1SDV_20221020T001249_20221020T001314_045518_057128_52B4_COG,2022-10-20 00:12:49.029849+00:00,sentinel-1a,IW_GRDH_1S,IW,"['VV', 'VH']",descending,"[84.384476, 22.554352, 87.147034, 24.484173]",23.5192625,85.76575500000001
S1A_IW_GRDH_1SDV_20221021T114908_20221021T114933_045540_0571B6_3B2B_COG,2022-10-21 11:49:08.310887+00:00,sentinel-1a,IW_GRDH_1S,IW,"['VV', 'VH']",ascending,"[92.546776, 25.463097, 95.395172, 27.392746]",26.4279215,93.970974
S1A_IW_GRDH_1SDV_20221025T001711_20221025T001736_045591_05737D_D637_COG,2022-10-25 00:17:11.589582+00:00,sentinel-1a,IW_GRDH_1S,IW,"['VV', 'VH']",descending,"[84.980675, 36.524075, 88.193527, 38.420856]",37.4724655,86.587101
S1A_IW_GRDH_1SDV_20221025T002236_20221025T002301_045591_05737D_1510_COG,2022-10-25 00:22:36.590226+00:00,sentinel-1a,IW_GRDH_1S,IW,"['VV', 'VH']",descending,"[81.236542, 16.904388, 83.898933, 18.848736]",17.876562,82.56773749999999
S1A_IW_GRDH_1SDV_20221030T002902_20221030T002927_045664_0575F3_3A4B_COG,2022-10-30 00:29:02.674613+00:00,sentinel-1a,IW_GRDH_1S,IW,"['VV', 'VH']",descending,"[80.423347, 23.403675, 83.215942, 25.330359]",24.367017,81.81964450000001
S1A_IW_GRDH_1SDV_20230501T235538_20230501T235603_048347_05D08E_DC9D_COG,2023-05-01 23:55:38.321212+00:00,sentinel-1a,IW_GRDH_1S,IW,"['VV', 'VH']",descending,"[88.956375, 25.016068, 91.788017, 26.942478]",25.979273,90.372196
S1A_IW_GRDH_1SDV_20230502T123044_20230502T123109_048355_05D0D3_6ECE_COG,2023-05-02 12:30:44.022081+00:00,sentinel-1a,IW_GRDH_1S,IW,"['VV', 'VH']",ascending,"[81.903664, 27.25561, 84.752365, 29.184042]",28.219826,83.3280145
S1A_IW_GRDH_1SDV_20230503T003551_20230503T003616_048362_05D115_D2D9_COG,2023-05-03 00:35:51.023958+00:00,sentinel-1a,IW_GRDH_1S,IW,"['VV', 'VH']",descending,"[79.333023, 28.384357, 82.169319, 30.31238]",29.3483685,80.751171
S1A_IW_GRDH_1SDV_20230503T234001_20230503T234026_048376_05D191_5131_COG,2023-05-03 23:40:01.905967+00:00,sentinel-1a,IW_GRDH_1S,IW,"['VV', 'VH']",descending,"[92.479156, 21.929966, 95.238304, 23.862528]",22.896247,93.85873
S1A_IW_GRDH_1SDV_20230505T002143_20230505T002208_048391_05D210_2AE7_COG,2023-05-05 00:21:43.799674+00:00,sentinel-1a,IW_GRDH_1S,IW,"['VV', 'VH']",descending,"[81.813393, 19.927685, 84.531387, 21.863031]",20.895358,83.17239000000001
S1A_IW_GRDH_1SDV_20230506T115443_20230506T115508_048413_05D2C3_5713_COG,2023-05-06 11:54:43.231453+00:00,sentinel-1a,IW_GRDH_1S,IW,"['VV', 'VH']",ascending,"[92.475647, 16.008059, 95.160507, 17.958975]",16.983517,93.818077
S1A_IW_GRDH_1SDV_20230506T115853_20230506T115918_048413_05D2C3_960B_COG,2023-05-06 11:58:53.231110+00:00,sentinel-1a,IW_GRDH_1S,IW,"['VV', 'VH']",ascending,"[89.303467, 31.11447, 92.316147, 33.0294]",32.071935,90.809807
S1A_IW_GRDH_1SDV_20230507T000050_20230507T000115_048420_05D2FE_C922_COG,2023-05-07 00:00:50.840899+00:00,sentinel-1a,IW_GRDH_1S,IW,"['VV', 'VH']",descending,"[88.958397, 35.969906, 92.173378, 37.868416]",36.919161,90.5658875
S1A_IW_GRDH_1SDV_20230507T000255_20230507T000320_048420_05D2FE_F017_COG,2023-05-07 00:02:55.840567+00:00,sentinel-1a,IW_GRDH_1S,IW,"['VV', 'VH']",descending,"[87.481506, 28.43881, 90.395592, 30.356504]",29.397657,88.938549
S1A_IW_GRDH_1SDV_20230507T000345_20230507T000410_048420_05D2FE_E823_COG,2023-05-07 00:03:45.841080+00:00,sentinel-1a,IW_GRDH_1S,IW,"['VV', 'VH']",descending,"[86.977631, 25.408104, 89.782784, 27.33917]",26.373637,88.38020750000001
S1A_IW_GRDH_1SDV_20230507T123952_20230507T124017_048428_05D33E_393F_COG,2023-05-07 12:39:52.621004+00:00,sentinel-1a,IW_GRDH_1S,IW,"['VV', 'VH']",ascending,"[79.146362, 30.555464, 82.123512, 32.470127]",31.5127955,80.63493700000001
S1A_IW_GRDH_1SDV_20230508T114029_20230508T114054_048442_05D3BC_FECE_COG,2023-05-08 11:40:29.075067+00:00,sentinel-1a,IW_GRDH_1S,IW,"['VV', 'VH']",ascending,"[94.907822, 24.058084, 97.721123, 25.98925]",25.023667,96.3144725
S1A_IW_GRDH_1SDV_20230509T122118_20230509T122143_048457_05D433_84FB_COG,2023-05-09 12:21:18.385452+00:00,sentinel-1a,IW_GRDH_1S,IW,"['VV', 'VH']",ascending,"[84.862411, 22.893169, 87.662155, 24.8258]",23.8594845,86.262283
S1A_IW_GRDH_1SDV_20230509T122438_20230509T122503_048457_05D433_AAF9_COG,2023-05-09 12:24:38.386279+00:00,sentinel-1a,IW_GRDH_1S,IW,"['VV', 'VH']",ascending,"[82.198875, 34.964851, 85.382698, 36.867043]",35.915947,83.7907865
S1A_IW_GRDH_1SDV_20230511T120759_20230511T120824_048486_05D511_2725_COG,2023-05-11 12:07:59.949616+00:00,sentinel-1a,IW_GRDH_1S,IW,"['VV', 'VH']",ascending,"[86.503281, 34.306194, 89.643532, 36.214314]",35.260254,88.0734065
S1A_IW_GRDH_1SDV_20230513T114607_20230513T114636_048515_05D5F0_44A4_COG,2023-05-13 11:46:07.353472+00:00,sentinel-1a,IW_GRDH_1S,IW,"['VV', 'VH']",ascending,"[94.76445, 14.645508, 97.480789, 16.843494]",15.744501,96.1226195
S1A_IW_GRDH_1SDV_20230514T123044_20230514T123109_048530_05D663_9E6D_COG,2023-05-14 12:30:44.816776+00:00,sentinel-1a,IW_GRDH_1S,IW,"['VV', 'VH']",ascending,"[81.902748, 27.255613, 84.751472, 29.184076]",28.2198445,83.32711
S1A_IW_GRDH_1SDV_20230522T003310_20230522T003335_048639_05D99B_4A9B_COG,2023-05-22 00:33:10.995187+00:00,sentinel-1a,IW_GRDH_1S,IW,"['VV', 'VH']",descending,"[77.488686, 8.289021, 80.071243, 10.255128]",9.2720745,78.7799645
S1A_IW_GRDH_1SDV_20230523T010701_20230523T010726_048654_05DA11_D631_COG,2023-05-23 01:07:01.688606+00:00,sentinel-1a,IW_GRDH_1S,IW,"['VV', 'VH']",descending,"[72.286034, 34.738617, 75.403969, 36.648186]",35.6934015,73.8450015
S1A_IW_GRDH_1SDV_20230527T003757_20230527T003822_048712_05DBC7_0BA8_COG,2023-05-27 00:37:57.288608+00:00,sentinel-1a,IW_GRDH_1S,IW,"['VV', 'VH']",descending,"[77.875359, 20.838354, 80.60775, 22.773403]",21.8058785,79.2415545
S1A_IW_GRDH_1SDV_20230527T113400_20230527T113425_048719_05DBFC_08AD_COG,2023-05-27 11:34:00.186456+00:00,sentinel-1a,IW_GRDH_1S,IW,"['VV', 'VH']",ascending,"[95.644989, 30.340149, 98.630577, 32.252842]",31.2964955,97.137783
S1A_IW_GRDH_1SDV_20230601T131950_20230601T132015_048793_05DE29_8A74_COG,2023-06-01 13:19:50.396859+00:00,sentinel-1a,IW_GRDH_1S,IW,"['VV', 'VH']",ascending,"[69.748825, 26.200939, 72.614273, 28.124943]",27.162941,71.18154899999999
S1A_IW_GRDH_1SDV_20230603T002951_20230603T003016_048814_05DECD_21F1_COG,2023-06-03 00:29:51.478031+00:00,sentinel-1a,IW_GRDH_1S,IW,"['VV', 'VH']",descending,"[79.844109, 20.383064, 82.57103, 22.317759]",21.3504115,81.2075695
S1A_IW_GRDH_1SDV_20230605T001158_20230605T001223_048843_05DFB2_4EC5_COG,2023-06-05 00:11:58.077893+00:00,sentinel-1a,IW_GRDH_1S,IW,"['VV', 'VH']",descending,"[84.970383, 25.572561, 87.769814, 27.49992]",26.5362405,86.3700985
S1A_IW_GRDH_1SDV_20230605T001428_20230605T001445_048843_05DFB2_6998_COG,2023-06-05 00:14:28.076938+00:00,sentinel-1a,IW_GRDH_1S,IW,"['VV', 'VH']",descending,"[83.301765, 16.946552, 85.878563, 18.45569]",17.701121,84.590164
S1A_IW_GRDH_1SDV_20230606T235514_20230606T235539_048872_05E08C_0B3A_COG,2023-06-06 23:55:14.739840+00:00,sentinel-1a,IW_GRDH_1S,IW,"['VV', 'VH']",descending,"[89.250954, 26.524818, 92.042656, 28.459122]",27.49197,90.646805
S1A_IW_GRDH_1SDV_20230608T004142_20230608T004201_048887_05E108_E17D_COG,2023-06-08 00:41:42.391743+00:00,sentinel-1a,IW_GRDH_1S,IW,"['VV', 'VH']",descending,"[75.289917, 7.57468, 77.798134, 9.203104]",8.388892,76.5440255
S1A_IW_GRDH_1SDV_20230627T003337_20230627T003356_049164_05E977_38BD_COG,2023-06-27 00:33:37.313377+00:00,sentinel-1a,IW_GRDH_1S,IW,"['VV', 'VH']",descending,"[77.2575, 7.117574, 79.763313, 8.746763]",7.932168499999999,78.51040649999999
S1A_IW_GRDH_1SDV_20230702T003554_20230702T003619_049237_05EBAE_716F_COG,2023-07-02 00:35:54.127943+00:00,sentinel-1a,IW_GRDH_1S,IW,"['VV', 'VH']",descending,"[79.333519, 28.384235, 82.169891, 30.312263]",29.348249000000003,80.751705
S1A_IW_GRDH_1SDV_20230702T233940_20230702T234005_049251_05EC1B_4A9E_COG,2023-07-02 23:39:40.197499+00:00,sentinel-1a,IW_GRDH_1S,IW,"['VV', 'VH']",descending,"[92.770103, 23.439724, 95.554764, 25.369589]",24.4046565,94.1624335
S1A_IW_GRDH_1SDV_20230703T121545_20230703T121610_049259_05EC58_C169_COG,2023-07-03 12:15:45.125395+00:00,sentinel-1a,IW_GRDH_1S,IW,"['VV', 'VH']",ascending,"[84.897148, 32.408272, 87.950859, 34.320671]",33.36447149999999,86.4240035
S1A_IW_GRDH_1SDV_20230705T115601_20230705T115626_049288_05ED3B_1256_COG,2023-07-05 11:56:01.370545+00:00,sentinel-1a,IW_GRDH_1S,IW,"['VV', 'VH']",ascending,"[91.529404, 20.540871, 94.285278, 22.480551]",21.510711,92.907341
S1A_IW_GRDH_1SDV_20230707T113917_20230707T113942_049317_05EE2D_76A4_COG,2023-07-07 11:39:17.392965+00:00,sentinel-1a,IW_GRDH_1S,IW,"['VV', 'VH']",ascending,"[95.866196, 19.528685, 98.597168, 21.469296]",20.4989905,97.231682
S1A_IW_GRDH_1SDV_20230708T122211_20230708T122236_049332_05EEA4_F016_COG,2023-07-08 12:22:11.844150+00:00,sentinel-1a,IW_GRDH_1S,IW,"['VV', 'VH']",ascending,"[84.211624, 25.910294, 87.071144, 27.837763]",26.8740285,85.641384
S1A_IW_GRDH_1SDV_20230710T010819_20230710T010844_049354_05EF54_CFE5_COG,2023-07-10 01:08:19.542727+00:00,sentinel-1a,IW_GRDH_1S,IW,"['VV', 'VH']",descending,"[71.448936, 30.211515, 74.429352, 32.128548]",31.1700315,72.939144
S1A_IW_GRDH_1SDV_20230710T120019_20230710T120048_049361_05EF84_DB69_COG,2023-07-10 12:00:19.921811+00:00,sentinel-1a,IW_GRDH_1S,IW,"['VV', 'VH']",ascending,"[92.368309, 6.289011, 94.958374, 8.497278]",7.3931445,93.6633415
S1A_IW_GRDH_1SDV_20230710T120713_20230710T120738_049361_05EF85_49F8_COG,2023-07-10 12:07:13.584364+00:00,sentinel-1a,IW_GRDH_1S,IW,"['VV', 'VH']",ascending,"[87.205154, 31.293995, 90.231392, 33.208721]",32.251358,88.718273
S1A_IW_GRDH_1SDV_20230711T124804_20230711T124829_049376_05F006_80BF_COG,2023-07-11 12:48:04.997484+00:00,sentinel-1a,IW_GRDH_1S,IW,"['VV', 'VH']",ascending,"[77.133713, 30.246826, 80.059929, 32.16814]",31.207483,78.596821
S1A_IW_GRDH_1SDV_20230712T005233_20230712T005258_049383_05F03C_0301_COG,2023-07-12 00:52:33.429095+00:00,sentinel-1a,IW_GRDH_1S,IW,"['VV', 'VH']",descending,"[75.098442, 27.723183, 77.98259, 29.641281]",28.682232,76.540516
S1A_IW_GRDH_1SDV_20230712T114704_20230712T114729_049390_05F06D_C012_COG,2023-07-12 11:47:04.684031+00:00,sentinel-1a,IW_GRDH_1S,IW,"['VV', 'VH']",ascending,"[94.140465, 17.913301, 96.807213, 19.851461]",18.882381,95.473839
S1A_IW_GRDH_1SDV_20230714T003645_20230714T003710_049412_05F11A_5528_COG,2023-07-14 00:36:45.171566+00:00,sentinel-1a,IW_GRDH_1S,IW,"['VV', 'VH']",descending,"[78.753593, 25.366379, 81.584305, 27.290653]",26.328516,80.168949
S1A_IW_GRDH_1SDV_20230719T004157_20230719T004222_049485_05F352_2557_COG,2023-07-19 00:41:57.530842+00:00,sentinel-1a,IW_GRDH_1S,IW,"['VV', 'VH']",descending,"[78.821693, 36.309883, 82.020973, 38.21048]",37.2601815,80.421333
S1A_IW_GRDH_1SDV_20230719T004812_20230719T004837_049485_05F352_2F99_COG,2023-07-19 00:48:12.529875+00:00,sentinel-1a,IW_GRDH_1S,IW,"['VV', 'VH']",descending,"[74.424782, 13.677084, 77.057159, 15.628689]",14.6528865,75.7409705
S1A_IW_GRDH_1SDV_20230721T003224_20230721T003249_049514_05F431_AC69_COG,2023-07-21 00:32:24.261182+00:00,sentinel-1a,IW_GRDH_1S,IW,"['VV', 'VH']",descending,"[78.087532, 11.313581, 80.692612, 13.271687]",12.292634,79.390072
S1A_IW_GRDH_1SDV_20230726T003825_20230726T003850_049587_05F678_69DF_COG,2023-07-26 00:38:25.831993+00:00,sentinel-1a,IW_GRDH_1S,IW,"['VV', 'VH']",descending,"[77.582588, 19.32777, 80.291924, 21.265877]",20.2968235,78.93725599999999
S1A_IW_GRDH_1SDV_20230801T012324_20230801T012349_049675_05F92F_195C_COG,2023-08-01 01:23:24.289287+00:00,sentinel-1a,IW_GRDH_1S,IW,"['VV', 'VH']",descending,"[68.280182, 35.263371, 71.438248, 37.166672]",36.2150215,69.859215
S1A_IW_GRDH_1SDV_20230801T012349_20230801T012414_049675_05F92F_5E37_COG,2023-08-01 01:23:49.289903+00:00,sentinel-1a,IW_GRDH_1S,IW,"['VV', 'VH']",descending,"[68.003059, 33.75478, 71.06884, 35.665619]",34.7101995,69.53594949999999
S1A_IW_GRDH_1SDV_20230802T002634_20230802T002659_049689_05F99E_569C_COG,2023-08-02 00:26:34.741956+00:00,sentinel-1a,IW_GRDH_1S,IW,"['VV', 'VH']",descending,"[82.118904, 32.462246, 85.139267, 34.371059]",33.4166525,83.6290855
S1A_IW_GRDH_1SDV_20230803T120021_20230803T120050_049711_05FA40_B6B9_COG,2023-08-03 12:00:21.450248+00:00,sentinel-1a,IW_GRDH_1S,IW,"['VV', 'VH']",ascending,"[92.367386, 6.288891, 94.957825, 8.496873]",7.392882,93.6626055
S1A_IW_GRDH_1SDV_20230805T005350_20230805T005415_049733_05FAF9_8C5C_COG,2023-08-05 00:53:50.174005+00:00,sentinel-1a,IW_GRDH_1S,IW,"['VV', 'VH']",descending,"[74.214867, 23.197657, 76.993111, 25.124943]",24.1613,75.603989
S1A_IW_GRDH_1SDV_20230805T235428_20230805T235453_049747_05FB5C_A7E8_COG,2023-08-05 23:54:28.893124+00:00,sentinel-1a,IW_GRDH_1S,IW,"['VV', 'VH']",descending,"[89.762909, 29.552763, 92.712166, 31.467831]",30.510297,91.2375375
S1A_IW_GRDH_1SDV_20230812T234701_20230812T234726_049849_05FED2_AA23_COG,2023-08-12 23:47:01.323250+00:00,sentinel-1a,IW_GRDH_1S,IW,"['VV', 'VH']",descending,"[91.358177, 26.745562, 94.186607, 28.673683]",27.7096225,92.772392
S1A_IW_GRDH_1SDV_20230817T115116_20230817T115141_049915_060105_08BE_COG,2023-08-17 11:51:16.703454+00:00,sentinel-1a,IW_GRDH_1S,IW,"['VV', 'VH']",ascending,"[90.928223, 33.013359, 94.005074, 34.924316]",33.9688375,92.4666485
S1A_IW_GRDH_1SDV_20230819T004122_20230819T004147_049937_0601D1_07A4_COG,2023-08-19 00:41:22.239195+00:00,sentinel-1a,IW_GRDH_1S,IW,"['VV', 'VH']",descending,"[75.517624, 8.74582, 78.099014, 10.712479]",9.7291495,76.808319
S1A_IW_GRDH_1SDV_20230819T233828_20230819T233853_049951_060251_3075_COG,2023-08-19 23:38:28.253862+00:00,sentinel-1a,IW_GRDH_1S,IW,"['VV', 'VH']",descending,"[93.64328, 27.966566, 96.4748, 29.895514]",28.93104,95.05904
S1A_IW_GRDH_1SDV_20230823T124113_20230823T124138_050003_060404_81F5_COG,2023-08-23 12:41:13.435299+00:00,sentinel-1a,IW_GRDH_1S,IW,"['VV', 'VH']",ascending,"[78.073654, 35.075562, 81.249687, 36.976509]",36.0260355,79.6616705
S1A_IW_GRDH_1SDV_20230824T234547_20230824T234612_050024_0604C4_7837_COG,2023-08-24 23:45:47.303370+00:00,sentinel-1a,IW_GRDH_1S,IW,"['VV', 'VH']",descending,"[92.162704, 31.280945, 95.157021, 33.192482]",32.2367135,93.6598625
S1A_IW_GRDH_1SDV_20230902T002100_20230902T002125_050141_0608DC_6205_COG,2023-09-02 00:21:00.625236+00:00,sentinel-1a,IW_GRDH_1S,IW,"['VV', 'VH']",descending,"[82.392723, 22.948484, 85.175056, 24.875584]",23.912034,83.7838895
S1A_IW_GRDH_1SDV_20230903T005948_20230903T010013_050156_06095B_9295_COG,2023-09-03 00:59:48.346057+00:00,sentinel-1a,IW_GRDH_1S,IW,"['VV', 'VH']",descending,"[73.756165, 31.451424, 76.715469, 33.371674]",32.411549,75.235817
S1A_IW_GRDH_1SDV_20230903T115604_20230903T115629_050163_060990_56AB_COG,2023-09-03 11:56:04.975718+00:00,sentinel-1a,IW_GRDH_1S,IW,"['VV', 'VH']",ascending,"[91.528206, 20.54097, 94.284187, 22.480696]",21.510833,92.9061965
S1A_IW_GRDH_1SDV_20230903T115654_20230903T115719_050163_060990_899B_COG,2023-09-03 11:56:54.975922+00:00,sentinel-1a,IW_GRDH_1S,IW,"['VV', 'VH']",ascending,"[90.891327, 23.560989, 93.702576, 25.494352]",24.5276705,92.2969515
S1A_IW_GRDH_1SDV_20230903T115949_20230903T120014_050163_060990_F5F8_COG,2023-09-03 11:59:49.975853+00:00,sentinel-1a,IW_GRDH_1S,IW,"['VV', 'VH']",ascending,"[88.605217, 34.126564, 91.725456, 36.035976]",35.08127,90.1653365
S1A_IW_GRDH_1SDV_20230903T120014_20230903T120039_050163_060990_E45B_COG,2023-09-03 12:00:14.976708+00:00,sentinel-1a,IW_GRDH_1S,IW,"['VV', 'VH']",ascending,"[88.228325, 35.631802, 91.428329, 37.535954]",36.583878,89.828327
S1A_IW_GRDH_1SDV_20230904T000507_20230904T000532_050170_0609CB_D0B7_COG,2023-09-04 00:05:07.574220+00:00,sentinel-1a,IW_GRDH_1S,IW,"['VV', 'VH']",descending,"[86.102844, 20.879112, 88.8489, 22.815166]",21.847139,87.47587200000001
S1A_IW_GRDH_1SDV_20230905T004635_20230905T004700_050185_060A4D_CDF2_COG,2023-09-05 00:46:35.351575+00:00,sentinel-1a,IW_GRDH_1S,IW,"['VV', 'VH']",descending,"[75.600761, 19.72117, 78.313698, 21.658464]",20.689817,76.95722950000001
S1A_IW_GRDH_1SDV_20230912T234124_20230912T234152_050301_060E4B_593E_COG,2023-09-12 23:41:24.259536+00:00,sentinel-1a,IW_GRDH_1S,IW,"['VV', 'VH']",descending,"[91.567505, 17.186413, 94.290489, 19.34066]",18.2635365,92.928997
S1A_IW_GRDH_1SDV_20230921T000908_20230921T000933_050418_06123C_5608_COG,2023-09-21 00:09:08.828909+00:00,sentinel-1a,IW_GRDH_1S,IW,"['VV', 'VH']",descending,"[86.961449, 36.132629, 90.144272, 38.031582]",37.0821055,88.55286050000001
S1A_IW_GRDH_1SDV_20230921T231900_20230921T231925_050432_0612B3_B769_COG,2023-09-21 23:19:00.626469+00:00,sentinel-1a,IW_GRDH_1S,IW,"['VV', 'VH']",descending,"[96.157516, 9.095431, 98.749001, 11.060216]",10.0778235,97.4532585
S1A_IW_GRDH_1SDV_20231001T003317_20231001T003342_050564_061735_6CF8_COG,2023-10-01 00:33:17.755459+00:00,sentinel-1a,IW_GRDH_1S,IW,"['VV', 'VH']",descending,"[77.488754, 8.289041, 80.071495, 10.255104]",9.2720725,78.7801245
S1A_IW_GRDH_1SDV_20231006T003418_20231006T003443_050637_0619BB_49D8_COG,2023-10-06 00:34:18.681391+00:00,sentinel-1a,IW_GRDH_1S,IW,"['VV', 'VH']",descending,"[80.438316, 34.423107, 83.551331, 36.326565]",35.374836,81.9948235
S1A_IW_GRDH_1SDV_20231007T011650_20231007T011715_050652_061A43_07A0_COG,2023-10-07 01:16:50.035939+00:00,sentinel-1a,IW_GRDH_1S,IW,"['VV', 'VH']",descending,"[69.237122, 29.429029, 72.195854, 31.347813]",30.388421,70.716488
S1A_IW_GRDH_1SDV_20231011T004225_20231011T004250_050710_061C37_ED9E_COG,2023-10-11 00:42:25.643302+00:00,sentinel-1a,IW_GRDH_1S,IW,"['VV', 'VH']",descending,"[78.461723, 34.814709, 81.642319, 36.710464]",35.7625865,80.052021
S1A_IW_GRDH_1SDV_20231012T122305_20231012T122330_050732_061CF0_814F_COG,2023-10-12 12:23:05.311446+00:00,sentinel-1a,IW_GRDH_1S,IW,"['VV', 'VH']",ascending,"[83.634041, 28.941223, 86.574562, 30.85965]",29.9004365,85.10430149999999
S1A_IW_GRDH_1SDV_20231014T011053_20231014T011118_050754_061DC1_47B2_COG,2023-10-14 01:10:53.268014+00:00,sentinel-1a,IW_GRDH_1S,IW,"['VV', 'VH']",descending,"[69.693863, 21.159746, 72.453484, 23.096067]",22.1279065,71.0736735
S1A_IW_GRDH_1SDV_20231022T124115_20231022T124140_050878_0621E8_2271_COG,2023-10-22 12:41:15.187265+00:00,sentinel-1a,IW_GRDH_1S,IW,"['VV', 'VH']",ascending,"[78.072792, 35.075527, 81.248428, 36.976585]",36.026056,79.66061
S1A_IW_GRDH_1SDV_20240502T114058_20240502T114123_053692_068599_6EB5_COG,2024-05-02 11:40:58.792870+00:00,sentinel-1a,IW_GRDH_1S,IW,"['VV', 'VH']",ascending,"[94.566734, 25.568203, 97.436218, 27.492556]",26.5303795,96.001476
S1A_IW_GRDH_1SDV_20240502T114353_20240502T114418_053692_068599_36B5_COG,2024-05-02 11:43:53.793842+00:00,sentinel-1a,IW_GRDH_1S,IW,"['VV', 'VH']",ascending,"[92.194084, 36.12447, 95.424797, 38.024651]",37.0745605,93.8094405
S1A_IW_GRDH_1SDV_20240502T234546_20240502T234611_053699_0685E7_5513_COG,2024-05-02 23:45:46.019834+00:00,sentinel-1a,IW_GRDH_1S,IW,"['VV', 'VH']",descending,"[92.16143, 31.281118, 95.155571, 33.192558]",32.236838,93.6585005
S1A_IW_GRDH_1SDV_20240504T233107_20240504T233132_053728_06870A_3E27_COG,2024-05-04 23:31:07.168076+00:00,sentinel-1a,IW_GRDH_1S,IW,"['VV', 'VH']",descending,"[95.076744, 24.722727, 97.886635, 26.64954]",25.6861335,96.4816895
S1A_IW_GRDH_1SDV_20240506T000931_20240506T000956_053743_0687A1_4242_COG,2024-05-06 00:09:31.696879+00:00,sentinel-1a,IW_GRDH_1S,IW,"['VV', 'VH']",descending,"[86.656525, 34.628334, 89.76339, 36.531517]",35.5799255,88.2099575
S1A_IW_GRDH_1SDV_20240507T115205_20240507T115230_053765_068874_E45D_COG,2024-05-07 11:52:05.913532+00:00,sentinel-1a,IW_GRDH_1S,IW,"['VV', 'VH']",ascending,"[90.183807, 36.02359, 93.409264, 37.92524]",36.974415,91.7965355
S1A_IW_GRDH_1SDV_20240508T123139_20240508T123204_053780_068904_653C_COG,2024-05-08 12:31:39.244016+00:00,sentinel-1a,IW_GRDH_1S,IW,"['VV', 'VH']",ascending,"[81.268066, 30.285055, 84.250099, 32.197861]",31.241458,82.7590825
S1A_IW_GRDH_1SDV_20240510T121252_20240510T121317_053809_068A02_FEE2_COG,2024-05-10 12:12:52.038109+00:00,sentinel-1a,IW_GRDH_1S,IW,"['VV', 'VH']",ascending,"[87.141899, 21.837582, 89.920448, 23.773972]",22.805777,88.5311735
S1A_IW_GRDH_1SDV_20240514T004157_20240514T004222_053860_068BCD_D887_COG,2024-05-14 00:41:57.885875+00:00,sentinel-1a,IW_GRDH_1S,IW,"['VV', 'VH']",descending,"[78.822174, 36.309982, 82.021408, 38.210518]",37.26025,80.421791
S1A_IW_GRDH_1SDV_20240514T234905_20240514T234931_053874_068C4C_9661_COG,2024-05-14 23:49:05.281059+00:00,sentinel-1a,IW_GRDH_1S,IW,"['VV', 'VH']",descending,"[89.888947, 19.142279, 92.610901, 21.136744]",20.1395115,91.249924
S1A_IW_GRDH_1SDV_20240521T003800_20240521T003825_053962_068F46_E0A4_COG,2024-05-21 00:38:00.663373+00:00,sentinel-1a,IW_GRDH_1S,IW,"['VV', 'VH']",descending,"[77.87455, 20.838247, 80.606674, 22.77313]",21.8056885,79.240612
S1A_IW_GRDH_1SDV_20240528T003314_20240528T003339_054064_0692D2_4D05_COG,2024-05-28 00:33:14.749886+00:00,sentinel-1a,IW_GRDH_1S,IW,"['VV', 'VH']",descending,"[77.488411, 8.28891, 80.070923, 10.25494]",9.271925,78.77966699999999
S1A_IW_GRDH_1SDV_20240531T005414_20240531T005439_054108_06945A_BDFD_COG,2024-05-31 00:54:14.144342+00:00,sentinel-1a,IW_GRDH_1S,IW,"['VV', 'VH']",descending,"[73.925247, 21.686884, 76.671852, 23.619278]",22.653081,75.29854950000001
S1A_IW_GRDH_1SDV_20240602T233711_20240602T233736_054151_0695D3_5F64_COG,2024-06-02 23:37:11.556559+00:00,sentinel-1a,IW_GRDH_1S,IW,"['VV', 'VH']",descending,"[94.452774, 32.499962, 97.48719, 34.408611]",33.454286499999995,95.969982
S1A_IW_GRDH_1SDV_20240603T011621_20240603T011646_054152_0695DB_4E65_COG,2024-06-03 01:16:21.877610+00:00,sentinel-1a,IW_GRDH_1S,IW,"['VV', 'VH']",descending,"[69.529129, 30.936228, 72.530655, 32.852325]",31.8942765,71.02989199999999
S1A_IW_GRDH_1SDV_20240603T011801_20240603T011826_054152_0695DB_E81E_COG,2024-06-03 01:18:01.878305+00:00,sentinel-1a,IW_GRDH_1S,IW,"['VV', 'VH']",descending,"[68.354332, 24.904865, 71.191696, 26.833096]",25.8689805,69.77301399999999
S1A_IW_GRDH_1SDV_20240606T000439_20240606T000504_054195_06974D_D654_COG,2024-06-06 00:04:39.846653+00:00,sentinel-1a,IW_GRDH_1S,IW,"['VV', 'VH']",descending,"[86.393745, 22.38921, 89.168495, 24.3216]",23.355405,87.78111999999999
S1A_IW_GRDH_1SDV_20240608T012528_20240608T012553_054225_06986A_27A3_COG,2024-06-08 01:25:28.540022+00:00,sentinel-1a,IW_GRDH_1S,IW,"['VV', 'VH']",descending,"[66.853683, 27.722113, 69.733269, 29.645029]",28.683571,68.293476
S1A_IW_GRDH_1SDV_20240611T124646_20240611T124715_054276_069A2C_C228_COG,2024-06-11 12:46:46.085326+00:00,sentinel-1a,IW_GRDH_1S,IW,"['VV', 'VH']",ascending,"[78.088745, 25.479403, 80.985161, 27.646313]",26.562858,79.53695300000001
S1A_IW_GRDH_1SDV_20240613T123048_20240613T123113_054305_069B20_EDE7_COG,2024-06-13 12:30:48.134440+00:00,sentinel-1a,IW_GRDH_1S,IW,"['VV', 'VH']",ascending,"[81.905869, 27.25569, 84.754501, 29.184]",28.219845,83.330185
S1A_IW_GRDH_1SDV_20240616T232527_20240616T232552_054355_069CD8_4EFB_COG,2024-06-16 23:25:27.143613+00:00,sentinel-1a,IW_GRDH_1S,IW,"['VV', 'VH']",descending,"[95.330444, 15.369928, 97.981598, 17.318193]",16.3440605,96.656021
S1A_IW_GRDH_1SDV_20240621T002903_20240621T002928_054414_069EEC_4C50_COG,2024-06-21 00:29:03.665081+00:00,sentinel-1a,IW_GRDH_1S,IW,"['VV', 'VH']",descending,"[80.422028, 23.403721, 83.214172, 25.330086]",24.3669035,81.8181
S1A_IW_GRDH_1SDV_20240621T130519_20240621T130544_054422_069F35_61FA_COG,2024-06-21 13:05:19.386789+00:00,sentinel-1a,IW_GRDH_1S,IW,"['VV', 'VH']",ascending,"[72.338684, 33.087055, 75.387772, 35.001221]",34.044138000000004,73.86322799999999
S1A_IW_GRDH_1SDV_20240701T114236_20240701T114301_054567_06A442_2454_COG,2024-07-01 11:42:36.817969+00:00,sentinel-1a,IW_GRDH_1S,IW,"['VV', 'VH']",ascending,"[93.308594, 31.609081, 96.326653, 33.522503]",32.565792,94.8176235
S1A_IW_GRDH_1SDV_20240701T132156_20240701T132221_054568_06A44A_C1AD_COG,2024-07-01 13:21:56.975131+00:00,sentinel-1a,IW_GRDH_1S,IW,"['VV', 'VH']",ascending,"[68.094704, 33.742443, 71.180435, 35.651859]",34.697151000000005,69.6375695
S1A_IW_GRDH_1SDV_20240702T122236_20240702T122301_054582_06A4C6_EBB1_COG,2024-07-02 12:22:36.004833+00:00,sentinel-1a,IW_GRDH_1S,IW,"['VV', 'VH']",ascending,"[83.966255, 27.419769, 86.788551, 29.354567]",28.387168,85.377403
S1A_IW_GRDH_1SDV_20240704T120113_20240704T120138_054611_06A5C4_79E9_COG,2024-07-04 12:01:13.051473+00:00,sentinel-1a,IW_GRDH_1S,IW,"['VV', 'VH']",ascending,"[91.749405, 9.557088, 94.308388, 11.513434]",10.535261,93.0288965
S1A_IW_GRDH_1SDV_20240708T003734_20240708T003759_054662_06A790_49F3_COG,2024-07-08 00:37:34.166063+00:00,sentinel-1a,IW_GRDH_1S,IW,"['VV', 'VH']",descending,"[78.161865, 22.34885, 80.927055, 24.279419]",23.3141345,79.54446
S1A_IW_GRDH_1SDV_20240708T004004_20240708T004029_054662_06A790_4EB6_COG,2024-07-08 00:40:04.165124+00:00,sentinel-1a,IW_GRDH_1S,IW,"['VV', 'VH']",descending,"[76.401115, 13.283903, 79.036179, 15.235405]",14.259654,77.718647
S1A_IW_GRDH_1SDV_20240710T001851_20240710T001916_054691_06A88A_5B79_COG,2024-07-10 00:18:51.616665+00:00,sentinel-1a,IW_GRDH_1S,IW,"['VV', 'VH']",descending,"[83.780289, 30.503201, 86.752075, 32.412643]",31.457922000000003,85.266182
S1A_IW_GRDH_1SDV_20240712T000348_20240712T000413_054720_06A984_53F9_COG,2024-07-12 00:03:48.397474+00:00,sentinel-1a,IW_GRDH_1S,IW,"['VV', 'VH']",descending,"[86.977089, 25.407879, 89.782021, 27.338898]",26.3733885,88.37955500000001
S1A_IW_GRDH_1SDV_20240725T004900_20240725T004925_054910_06B02C_F1F0_COG,2024-07-25 00:49:00.630318+00:00,sentinel-1a,IW_GRDH_1S,IW,"['VV', 'VH']",descending,"[73.841553, 10.650847, 76.431641, 12.612854]",11.6318505,75.136597
S1A_IW_GRDH_1SDV_20240727T003041_20240727T003106_054939_06B127_3217_COG,2024-07-27 00:30:41.858081+00:00,sentinel-1a,IW_GRDH_1S,IW,"['VV', 'VH']",descending,"[79.26432, 17.360857, 81.936012, 19.303919]",18.332388,80.600166
S1A_IW_GRDH_1SDV_20240727T233014_20240727T233039_054953_06B1AC_FFE0_COG,2024-07-27 23:30:14.161591+00:00,sentinel-1a,IW_GRDH_1S,IW,"['VV', 'VH']",descending,"[95.635925, 27.744747, 98.495644, 29.6679]",28.7063235,97.0657845
S1A_IW_GRDH_1SDV_20240728T011022_20240728T011047_054954_06B1B5_6883_COG,2024-07-28 01:10:22.766095+00:00,sentinel-1a,IW_GRDH_1S,IW,"['VV', 'VH']",descending,"[69.986053, 22.669342, 72.771278, 24.602627]",23.6359845,71.3786655
S1A_IW_GRDH_1SDV_20240801T004118_20240801T004143_055012_06B3B7_8D76_COG,2024-08-01 00:41:18.576151+00:00,sentinel-1a,IW_GRDH_1S,IW,"['VV', 'VH']",descending,"[75.517082, 8.745753, 78.098358, 10.71233]",9.7290415,76.80772
S1A_IW_GRDH_1SDV_20240801T131302_20240801T131327_055020_06B3F7_82CD_COG,2024-08-01 13:13:02.136963+00:00,sentinel-1a,IW_GRDH_1S,IW,"['VV', 'VH']",ascending,"[70.667938, 31.292007, 73.680099, 33.207096]",32.2495515,72.1740185
S1A_IW_GRDH_1SDV_20240802T011619_20240802T011644_055027_06B43A_824B_COG,2024-08-02 01:16:19.910236+00:00,sentinel-1a,IW_GRDH_1S,IW,"['VV', 'VH']",descending,"[69.529282, 30.936157, 72.530807, 32.8522]",31.8941785,71.0300445
S1A_IW_GRDH_1SDV_20240804T120010_20240804T120035_055063_06B55E_D3A3_COG,2024-08-04 12:00:10.574280+00:00,sentinel-1a,IW_GRDH_1S,IW,"['VV', 'VH']",ascending,"[88.230362, 35.631729, 91.430305, 37.535843]",36.583786,89.8303335
S1A_IW_GRDH_1SDV_20240805T000503_20240805T000528_055070_06B5A2_4E3E_COG,2024-08-05 00:05:03.127537+00:00,sentinel-1a,IW_GRDH_1S,IW,"['VV', 'VH']",descending,"[86.101646, 20.879044, 88.847534, 22.814962]",21.847003,87.47459
S1A_IW_GRDH_1SDV_20240807T122120_20240807T122145_055107_06B6FA_D457_COG,2024-08-07 12:21:20.403231+00:00,sentinel-1a,IW_GRDH_1S,IW,"['VV', 'VH']",ascending,"[84.863365, 22.893234, 87.663269, 24.825827]",23.8595305,86.263317
S1A_IW_GRDH_1SDV_20240809T120018_20240809T120047_055136_06B815_3C15_COG,2024-08-09 12:00:18.269438+00:00,sentinel-1a,IW_GRDH_1S,IW,"['VV', 'VH']",ascending,"[92.369873, 6.289192, 94.959991, 8.497059]",7.3931255,93.664932
S1A_IW_GRDH_1SDV_20240811T114728_20240811T114753_055165_06B919_B503_COG,2024-08-11 11:47:28.130257+00:00,sentinel-1a,IW_GRDH_1S,IW,"['VV', 'VH']",ascending,"[93.833656, 19.424032, 96.559792, 21.36746]",20.395746000000003,95.196724
S1A_IW_GRDH_1SDV_20240818T234543_20240818T234608_055274_06BD20_002C_COG,2024-08-18 23:45:43.613089+00:00,sentinel-1a,IW_GRDH_1S,IW,"['VV', 'VH']",descending,"[92.1604, 31.280985, 95.154434, 33.192364]",32.2366745,93.657417
S1A_IW_GRDH_1SDV_20240820T003042_20240820T003107_055289_06BD9B_0339_COG,2024-08-20 00:30:42.544049+00:00,sentinel-1a,IW_GRDH_1S,IW,"['VV', 'VH']",descending,"[79.26162, 17.360765, 81.93322, 19.303818]",18.3322915,80.59742
S1A_IW_GRDH_1SDV_20240825T234119_20240825T234148_055376_06C0F3_B7DA_COG,2024-08-25 23:41:19.749627+00:00,sentinel-1a,IW_GRDH_1S,IW,"['VV', 'VH']",descending,"[91.565819, 17.185057, 94.288849, 19.340435]",18.262746,92.927334
S1A_IW_GRDH_1SDV_20240830T114056_20240830T114121_055442_06C350_D352_COG,2024-08-30 11:40:56.358847+00:00,sentinel-1a,IW_GRDH_1S,IW,"['VV', 'VH']",ascending,"[94.566719, 25.568001, 97.432655, 27.491783]",26.529892,95.999687
S1A_IW_GRDH_1SDV_20240903T001339_20240903T001404_055493_06C53F_F6A6_COG,2024-09-03 00:13:39.275336+00:00,sentinel-1a,IW_GRDH_1S,IW,"['VV', 'VH']",descending,"[83.802078, 19.533245, 86.505119, 21.47061]",20.5019275,85.15359849999999
S1A_IW_GRDH_1SDV_20240904T114933_20240904T114958_055515_06C60F_28CB_COG,2024-09-04 11:49:33.445597+00:00,sentinel-1a,IW_GRDH_1S,IW,"['VV', 'VH']",ascending,"[92.283508, 26.973316, 95.113319, 28.90749]",27.940403,93.6984135
S1A_IW_GRDH_1SDV_20240906T131417_20240906T131442_055545_06C743_A213_COG,2024-09-06 13:14:17.438355+00:00,sentinel-1a,IW_GRDH_1S,IW,"['VV', 'VH']",ascending,"[69.626633, 35.819557, 72.854317, 37.718605]",36.769081,71.240475
S1A_IW_GRDH_1SDV_20240909T010124_20240909T010149_055581_06C8C1_E35C_COG,2024-09-09 01:01:24.400028+00:00,sentinel-1a,IW_GRDH_1S,IW,"['VV', 'VH']",descending,"[72.577461, 25.42136, 75.418358, 27.346321]",26.3838405,73.99790949999999
S1A_IW_GRDH_1SDV_20240909T115416_20240909T115445_055588_06C900_5D3B_COG,2024-09-09 11:54:16.947531+00:00,sentinel-1a,IW_GRDH_1S,IW,"['VV', 'VH']",ascending,"[92.788338, 14.252927, 95.501724, 16.451538]",15.3522325,94.145031
S1A_IW_GRDH_1SDV_20240910T000143_20240910T000208_055595_06C947_1D7F_COG,2024-09-10 00:01:43.499270+00:00,sentinel-1a,IW_GRDH_1S,IW,"['VV', 'VH']",descending,"[88.361275, 32.959591, 91.425728, 34.867481]",33.913536,89.89350150000001
S1A_IW_GRDH_1SDV_20240911T132221_20240911T132246_055618_06CA30_B28E_COG,2024-09-11 13:22:21.801019+00:00,sentinel-1a,IW_GRDH_1S,IW,"['VV', 'VH']",ascending,"[67.681648, 35.248531, 70.884697, 37.148014]",36.1982725,69.2831725
S1A_IW_GRDH_1SDV_20240912T122506_20240912T122531_055632_06CAB6_8EA4_COG,2024-09-12 12:25:06.212303+00:00,sentinel-1a,IW_GRDH_1S,IW,"['VV', 'VH']",ascending,"[81.793419, 36.463703, 85.044746, 38.364174]",37.4139385,83.4190825
S1A_IW_GRDH_1SDV_20240913T003043_20240913T003108_055639_06CB01_F098_COG,2024-09-13 00:30:43.124530+00:00,sentinel-1a,IW_GRDH_1S,IW,"['VV', 'VH']",descending,"[79.262627, 17.360828, 81.934471, 19.304022]",18.332425,80.59854899999999
S1A_IW_GRDH_1SDV_20240916T005413_20240916T005438_055683_06CCC1_0F7D_COG,2024-09-16 00:54:13.014699+00:00,sentinel-1a,IW_GRDH_1S,IW,"['VV', 'VH']",descending,"[73.925545, 21.68672, 76.672333, 23.619324]",22.653022,75.29893899999999
S1A_IW_GRDH_1SDV_20240917T123112_20240917T123137_055705_06CD99_DA22_COG,2024-09-17 12:31:12.575821+00:00,sentinel-1a,IW_GRDH_1S,IW,"['VV', 'VH']",ascending,"[81.61158, 28.770813, 84.500977, 30.694874]",29.7328435,83.0562785
S1A_IW_GRDH_1SDV_20241002T002456_20241002T002525_055916_06D5FA_AC1D_COG,2024-10-02 00:24:56.947143+00:00,sentinel-1a,IW_GRDH_1S,IW,"['VV', 'VH']",descending,"[79.564491, 8.211672, 82.164253, 10.414187]",9.3129295,80.864372
S1A_IW_GRDH_1SDV_20241003T010100_20241003T010125_055931_06D699_6320_COG,2024-10-03 01:01:00.018161+00:00,sentinel-1a,IW_GRDH_1S,IW,"['VV', 'VH']",descending,"[72.87278, 26.929688, 75.753227, 28.851187]",27.8904375,74.31300350000001
S1A_IW_GRDH_1SDV_20241004T000414_20241004T000439_055945_06D71E_31C0_COG,2024-10-04 00:04:14.224888+00:00,sentinel-1a,IW_GRDH_1S,IW,"['VV', 'VH']",descending,"[86.687584, 23.898777, 89.494522, 25.827717]",24.863247,88.091053
S1A_IW_GRDH_1SDV_20241005T114352_20241005T114417_055967_06D7F9_370B_COG,2024-10-05 11:43:52.478109+00:00,sentinel-1a,IW_GRDH_1S,IW,"['VV', 'VH']",ascending,"[92.193687, 36.124428, 95.424606, 38.024746]",37.074587,93.8091465
S1A_IW_GRDH_1SDV_20241005T131923_20241005T131952_055968_06D801_22D6_COG,2024-10-05 13:19:23.648615+00:00,sentinel-1a,IW_GRDH_1S,IW,"['VV', 'VH']",ascending,"[70.079506, 24.449091, 72.953079, 26.619923]",25.534507,71.51629249999999
S1A_IW_GRDH_1SDV_20241005T234634_20241005T234659_055974_06D844_D95D_COG,2024-10-05 23:46:34.913967+00:00,sentinel-1a,IW_GRDH_1S,IW,"['VV', 'VH']",descending,"[91.609406, 28.260622, 94.489868, 30.182554]",29.221588,93.049637
S1A_IW_GRDH_1SDV_20241007T002839_20241007T002904_055989_06D8D1_0DE3_COG,2024-10-07 00:28:39.185586+00:00,sentinel-1a,IW_GRDH_1S,IW,"['VV', 'VH']",descending,"[80.723343, 24.911266, 83.542244, 26.835846]",25.873556,82.13279349999999
S1A_IW_GRDH_1SDV_20241010T114729_20241010T114754_056040_06DAD4_DFBF_COG,2024-10-10 11:47:29.932022+00:00,sentinel-1a,IW_GRDH_1S,IW,"['VV', 'VH']",ascending,"[93.8321, 19.424322, 96.534203, 21.363804]",20.394063,95.1831515
S1A_IW_GRDH_1SDV_20241010T114844_20241010T114909_056040_06DAD4_736E_COG,2024-10-10 11:48:44.932519+00:00,sentinel-1a,IW_GRDH_1S,IW,"['VV', 'VH']",ascending,"[92.860847, 23.957155, 95.674927, 25.88188]",24.9195175,94.267887
S1A_IW_GRDH_1SDV_20241010T235427_20241010T235452_056047_06DB1A_110A_COG,2024-10-10 23:54:27.406240+00:00,sentinel-1a,IW_GRDH_1S,IW,"['VV', 'VH']",descending,"[89.763855, 29.552687, 92.713188, 31.467833]",30.51026,91.2385215
S1A_IW_GRDH_1SDV_20241012T113452_20241012T113517_056069_06DBFB_EA24_COG,2024-10-12 11:34:52.583217+00:00,sentinel-1a,IW_GRDH_1S,IW,"['VV', 'VH']",ascending,"[94.951759, 33.352715, 98.037834, 35.259979]",34.306347,96.4947965
S1A_IW_GRDH_1SDV_20241012T113517_20241012T113542_056069_06DBFB_5D5A_COG,2024-10-12 11:35:17.581995+00:00,sentinel-1a,IW_GRDH_1S,IW,"['VV', 'VH']",ascending,"[94.561295, 34.856628, 97.731728, 36.758183]",35.8074055,96.1465115
S1A_IW_GRDH_1SDV_20241012T131238_20241012T131303_056070_06DC02_02F6_COG,2024-10-12 13:12:38.268202+00:00,sentinel-1a,IW_GRDH_1S,IW,"['VV', 'VH']",ascending,"[71.007797, 29.785219, 73.975342, 31.703032]",30.744125500000003,72.4915695
S1A_IW_GRDH_1SDV_20241018T012528_20241018T012553_056150_06DF37_0E70_COG,2024-10-18 01:25:28.510348+00:00,sentinel-1a,IW_GRDH_1S,IW,"['VV', 'VH']",descending,"[66.855003, 27.721905, 69.734909, 29.645107]",28.683506,68.294956
S1A_IW_GRDH_1SDV_20241019T233221_20241019T233246_056178_06E052_E1C4_COG,2024-10-19 23:32:21.170612+00:00,sentinel-1a,IW_GRDH_1S,IW,"['VV', 'VH']",descending,"[94.201714, 20.19348, 96.925041, 22.130108]",21.161794,95.5633775
S1A_IW_GRDH_1SDV_20241026T002147_20241026T002212_056266_06E3CF_8EA9_COG,2024-10-26 00:21:47.245143+00:00,sentinel-1a,IW_GRDH_1S,IW,"['VV', 'VH']",descending,"[81.816345, 19.927557, 84.534637, 21.862993]",20.895275,83.175491
S1A_IW_GRDH_1SDV_20241026T002212_20241026T002237_056266_06E3CF_178C_COG,2024-10-26 00:22:12.245205+00:00,sentinel-1a,IW_GRDH_1S,IW,"['VV', 'VH']",descending,"[81.526535, 18.416447, 84.214577, 20.356449]",19.386448,82.870556
S1A_IW_GRDH_1SDV_20250502T114604_20250502T114633_059015_0751C7_73C0_COG,2025-05-02 11:46:04.080495+00:00,sentinel-1a,IW_GRDH_1S,IW,"['VV', 'VH']",ascending,"[94.765556, 14.645882, 97.48172, 16.843233]",15.7445575,96.123638
S1A_IW_GRDH_1SDV_20250502T114903_20250502T114928_059015_0751C7_CDD2_COG,2025-05-02 11:49:03.113832+00:00,sentinel-1a,IW_GRDH_1S,IW,"['VV', 'VH']",ascending,"[92.54705, 25.462982, 95.395065, 27.392498]",26.42774,93.9710575
S1A_IW_GRDH_1SDV_20250502T114928_20250502T114953_059015_0751C7_9744_COG,2025-05-02 11:49:28.113786+00:00,sentinel-1a,IW_GRDH_1S,IW,"['VV', 'VH']",ascending,"[92.283676, 26.973301, 95.113274, 28.907475]",27.940388,93.698475
S1A_IW_GRDH_1SDV_20250502T132910_20250502T132935_059016_0751CE_0D3A_COG,2025-05-02 13:29:10.197535+00:00,sentinel-1a,IW_GRDH_1S,IW,"['VV', 'VH']",ascending,"[66.777863, 30.4412, 69.76651, 32.354664]",31.397932,68.2721865
S1A_IW_GRDH_1SDV_20250504T004113_20250504T004138_059037_0752A9_DD97_COG,2025-05-04 00:41:13.413735+00:00,sentinel-1a,IW_GRDH_1S,IW,"['VV', 'VH']",descending,"[75.517525, 8.745853, 78.098717, 10.712434]",9.7291435,76.808121
S1A_IW_GRDH_1SDV_20250505T121219_20250505T121244_059059_075384_4657_COG,2025-05-05 12:12:19.198551+00:00,sentinel-1a,IW_GRDH_1S,IW,"['VV', 'VH']",ascending,"[87.461029, 20.327356, 90.211868, 22.267214]",21.297285,88.83644849999999
S1A_IW_GRDH_1SDV_20250507T010208_20250507T010233_059081_075465_35D3_COG,2025-05-07 01:02:08.563280+00:00,sentinel-1a,IW_GRDH_1S,IW,"['VV', 'VH']",descending,"[71.997147, 22.402136, 74.766914, 24.334806]",23.368471,73.3820305
S1A_IW_GRDH_1SDV_20250509T113935_20250509T114000_059117_0755B4_9126_COG,2025-05-09 11:39:35.893730+00:00,sentinel-1a,IW_GRDH_1S,IW,"['VV', 'VH']",ascending,"[95.543388, 21.038794, 98.276352, 22.969738]",22.004266,96.90987
S1A_IW_GRDH_1SDV_20250509T114025_20250509T114050_059117_0755B4_D5B2_COG,2025-05-09 11:40:25.893715+00:00,sentinel-1a,IW_GRDH_1S,IW,"['VV', 'VH']",ascending,"[94.909248, 24.057903, 97.691505, 25.984034]",25.0209685,96.3003765
S1A_IW_GRDH_1SDV_20250511T002807_20250511T002832_059139_07566F_DB36_COG,2025-05-11 00:28:07.235482+00:00,sentinel-1a,IW_GRDH_1S,IW,"['VV', 'VH']",descending,"[81.015839, 26.419992, 83.847412, 28.344687]",27.3823395,82.4316255
S1A_IW_GRDH_1SDV_20250516T003703_20250516T003728_059212_0758FB_C34D_COG,2025-05-16 00:37:03.118854+00:00,sentinel-1a,IW_GRDH_1S,IW,"['VV', 'VH']",descending,"[78.45491, 23.858366, 81.256798, 25.784784]",24.821575,79.855854
S1A_IW_GRDH_1SDV_20250518T001705_20250518T001730_059241_0759F3_D719_COG,2025-05-18 00:17:05.675043+00:00,sentinel-1a,IW_GRDH_1S,IW,"['VV', 'VH']",descending,"[84.978958, 36.524349, 88.191376, 38.420986]",37.4726675,86.58516700000001
S1A_IW_GRDH_1SDV_20250519T115734_20250519T115759_059263_075AAD_F13F_COG,2025-05-19 11:57:34.835534+00:00,sentinel-1a,IW_GRDH_1S,IW,"['VV', 'VH']",ascending,"[90.30825, 26.579042, 93.122528, 28.515392]",27.547217,91.715389
S1A_IW_GRDH_1SDV_20250521T004535_20250521T004600_059285_075B7F_CAFC_COG,2025-05-21 00:45:35.015317+00:00,sentinel-1a,IW_GRDH_1S,IW,"['VV', 'VH']",descending,"[76.184113, 22.741531, 78.955421, 24.671356]",23.7064435,77.569767
S1A_IW_GRDH_1SDV_20250521T132125_20250521T132150_059293_075BC9_3167_COG,2025-05-21 13:21:25.615994+00:00,sentinel-1a,IW_GRDH_1S,IW,"['VV', 'VH']",ascending,"[68.43766, 32.235291, 71.468994, 34.147812]",33.1915515,69.953327
S1A_IW_GRDH_1SDV_20250523T233213_20250523T233238_059328_075D00_7FEE_COG,2025-05-23 23:32:13.759409+00:00,sentinel-1a,IW_GRDH_1S,IW,"['VV', 'VH']",descending,"[94.200447, 20.193459, 96.923416, 22.129982]",21.1617205,95.5619315
S1A_IW_GRDH_1SDV_20250526T005827_20250526T005857_059358_075E0E_9C6F_COG,2025-05-26 00:58:27.637731+00:00,sentinel-1a,IW_GRDH_1S,IW,"['VV', 'VH']",descending,"[70.809494, 5.587754, 73.403511, 7.843122]",6.715438000000001,72.1065025
S1A_IW_GRDH_1SDV_20250529T011818_20250529T011843_059402_075F97_585D_COG,2025-05-29 01:18:18.927734+00:00,sentinel-1a,IW_GRDH_1S,IW,"['VV', 'VH']",descending,"[68.063728, 23.395372, 70.867722, 25.327005]",24.3611885,69.46572499999999
S1A_IW_GRDH_1SDV_20250601T000407_20250601T000432_059445_076109_15C9_COG,2025-06-01 00:04:07.019751+00:00,sentinel-1a,IW_GRDH_1S,IW,"['VV', 'VH']",descending,"[86.685043, 23.898859, 89.491829, 25.827728]",24.8632935,88.088436
S1A_IW_GRDH_1SDV_20250602T234422_20250602T234447_059474_076219_F4C4_COG,2025-06-02 23:44:22.271686+00:00,sentinel-1a,IW_GRDH_1S,IW,"['VV', 'VH']",descending,"[93.066437, 35.795761, 96.251465, 37.696442]",36.7461015,94.658951
S1A_IW_GRDH_1SDV_20250602T234627_20250602T234652_059474_076219_57AB_COG,2025-06-02 23:46:27.271787+00:00,sentinel-1a,IW_GRDH_1S,IW,"['VV', 'VH']",descending,"[91.607445, 28.260845, 94.487427, 30.182539]",29.221692,93.047436
S1A_IW_GRDH_1SDV_20250609T003432_20250609T003457_059562_07650C_DCEE_COG,2025-06-09 00:34:32.064775+00:00,sentinel-1a,IW_GRDH_1S,IW,"['VV', 'VH']",descending,"[80.144112, 32.916691, 83.184776, 34.824898]",33.8707945,81.664444
S1A_IW_GRDH_1SDV_20250610T011753_20250610T011818_059577_07658C_EE13_COG,2025-06-10 01:17:53.266424+00:00,sentinel-1a,IW_GRDH_1S,IW,"['VV', 'VH']",descending,"[68.353943, 24.904776, 71.191101, 26.833006]",25.868891,69.77252200000001
S1A_IW_GRDH_1SDV_20250610T121447_20250610T121512_059584_0765C2_7BC6_COG,2025-06-10 12:14:47.768435+00:00,sentinel-1a,IW_GRDH_1S,IW,"['VV', 'VH']",ascending,"[85.57634, 29.394699, 88.540543, 31.311895]",30.353297,87.0584415
S1A_IW_GRDH_1SDV_20250611T001934_20250611T001959_059591_0765FF_1FDA_COG,2025-06-11 00:19:34.573881+00:00,sentinel-1a,IW_GRDH_1S,IW,"['VV', 'VH']",descending,"[83.261505, 27.476372, 86.070786, 29.404903]",28.4406375,84.6661455
S1A_IW_GRDH_1SDV_20250611T002024_20250611T002049_059591_0765FF_8000_COG,2025-06-11 00:20:24.573307+00:00,sentinel-1a,IW_GRDH_1S,IW,"['VV', 'VH']",descending,"[82.692627, 24.456249, 85.49939, 26.381271]",25.41876,84.09600850000001
S1A_IW_GRDH_1SDV_20250611T002229_20250611T002254_059591_0765FF_DF8A_COG,2025-06-11 00:22:29.573361+00:00,sentinel-1a,IW_GRDH_1S,IW,"['VV', 'VH']",descending,"[81.235237, 16.904333, 83.897148, 18.848455]",17.876394,82.5661925
S1A_IW_GRDH_1SDV_20250612T005912_20250612T005937_059606_076680_09EA_COG,2025-06-12 00:59:12.170063+00:00,sentinel-1a,IW_GRDH_1S,IW,"['VV', 'VH']",descending,"[73.99987, 32.966183, 77.047455, 34.87682]",33.921501500000005,75.5236625
S1A_IW_GRDH_1SDV_20250615T122048_20250615T122113_059657_076846_786D_COG,2025-06-15 12:20:48.628776+00:00,sentinel-1a,IW_GRDH_1S,IW,"['VV', 'VH']",ascending,"[85.188957, 21.383104, 87.954773, 23.319784]",22.351444,86.571865
S1A_IW_GRDH_1SDV_20250624T010256_20250624T010321_059781_076C8D_E5C6_COG,2025-06-24 01:02:56.569548+00:00,sentinel-1a,IW_GRDH_1S,IW,"['VV', 'VH']",descending,"[71.411674, 19.381712, 74.129745, 21.320808]",20.35126,72.77070950000001
S1A_IW_GRDH_1SDV_20250701T114630_20250701T114655_059890_077066_4628_COG,2025-07-01 11:46:30.530185+00:00,sentinel-1a,IW_GRDH_1S,IW,"['VV', 'VH']",ascending,"[94.456604, 16.401222, 97.093353, 18.342791]",17.372006499999998,95.7749785
S1A_IW_GRDH_1SDV_20250701T114720_20250701T114745_059890_077066_5FCE_COG,2025-07-01 11:47:20.530436+00:00,sentinel-1a,IW_GRDH_1S,IW,"['VV', 'VH']",ascending,"[93.834839, 19.423939, 96.511818, 21.358891]",20.391415,95.1733285
S1A_IW_GRDH_1SDV_20250702T123243_20250702T123308_059905_0770EF_584C_COG,2025-07-02 12:32:43.755691+00:00,sentinel-1a,IW_GRDH_1S,IW,"['VV', 'VH']",ascending,"[80.179245, 34.802814, 83.363228, 36.701691]",35.7522525,81.7712365
S1A_IW_GRDH_1SDV_20250703T003610_20250703T003635_059912_077130_A595_COG,2025-07-03 00:36:10.756036+00:00,sentinel-1a,IW_GRDH_1S,IW,"['VV', 'VH']",descending,"[79.044861, 26.874983, 81.905647, 28.796843]",27.835913,80.475254
S1A_IW_GRDH_1SDV_20250703T131045_20250703T131114_059920_07716D_B01B_COG,2025-07-03 13:10:45.209190+00:00,sentinel-1a,IW_GRDH_1S,IW,"['VV', 'VH']",ascending,"[72.339355, 23.509228, 75.196335, 25.682594]",24.595911,73.767845
S1A_IW_GRDH_1SDV_20250703T234021_20250703T234046_059926_0771A9_85F9_COG,2025-07-03 23:40:21.617142+00:00,sentinel-1a,IW_GRDH_1S,IW,"['VV', 'VH']",descending,"[92.181274, 20.420408, 94.916824, 22.355494]",21.387951,93.549049
S1A_IW_GRDH_1SDV_20250705T002253_20250705T002319_059941_077224_3BF3_COG,2025-07-05 00:22:53.221352+00:00,sentinel-1a,IW_GRDH_1S,IW,"['VV', 'VH']",descending,"[80.931656, 15.336815, 83.58934, 17.339712]",16.3382635,82.26049800000001
S1A_IW_GRDH_1SDV_20250708T234740_20250708T234805_059999_077431_5095_COG,2025-07-08 23:47:40.318094+00:00,sentinel-1a,IW_GRDH_1S,IW,"['VV', 'VH']",descending,"[90.756798, 23.72991, 93.555122, 25.65785]",24.69388,92.15596
S1A_IW_GRDH_1SDV_20250711T120339_20250711T120408_060036_07756C_1B63_COG,2025-07-11 12:03:39.908051+00:00,sentinel-1a,IW_GRDH_1S,IW,"['VV', 'VH']",ascending,"[89.754677, 18.966305, 92.537804, 21.153164]",20.0597345,91.1462405
S1A_IW_GRDH_1SDV_20250713T115104_20250713T115129_060065_077667_5514_COG,2025-07-13 11:51:04.929961+00:00,sentinel-1a,IW_GRDH_1S,IW,"['VV', 'VH']",ascending,"[90.930428, 33.013329, 94.006706, 34.924271]",33.9688,92.468567
S1A_IW_GRDH_1SDV_20250713T235327_20250713T235352_060072_0776A9_7597_COG,2025-07-13 23:53:27.487922+00:00,sentinel-1a,IW_GRDH_1S,IW,"['VV', 'VH']",descending,"[90.342583, 32.567604, 93.400345, 34.47485]",33.521227,91.871464
S1A_IW_GRDH_1SDV_20250713T235622_20250713T235647_060072_0776A9_932B_COG,2025-07-13 23:56:22.487320+00:00,sentinel-1a,IW_GRDH_1S,IW,"['VV', 'VH']",descending,"[88.375053, 21.996429, 91.141602, 23.929623]",22.963026,89.75832750000001
S1A_IW_GRDH_1SDV_20250721T122251_20250721T122316_060182_077A6E_218D_COG,2025-07-21 12:22:51.834010+00:00,sentinel-1a,IW_GRDH_1S,IW,"['VV', 'VH']",ascending,"[83.634445, 28.941389, 86.574562, 30.859715]",29.900552,85.10450349999999
S1A_IW_GRDH_1SDV_20250727T003929_20250727T003954_060262_077D37_14BE_COG,2025-07-27 00:39:29.777993+00:00,sentinel-1a,IW_GRDH_1S,IW,"['VV', 'VH']",descending,"[76.704933, 14.794061, 79.346176, 16.743885]",15.768973,78.0255545
S1A_IW_GRDH_1SDV_20250801T004646_20250801T004711_060335_077FB2_D8CD_COG,2025-08-01 00:46:46.877090+00:00,sentinel-1a,IW_GRDH_1S,IW,"['VV', 'VH']",descending,"[75.307045, 18.210735, 77.998741, 20.151003]",19.180869,76.652893
S1A_IW_GRDH_1SDV_20250802T122456_20250802T122521_060357_078073_1CDC_COG,2025-08-02 12:24:56.604744+00:00,sentinel-1a,IW_GRDH_1S,IW,"['VV', 'VH']",ascending,"[81.796394, 36.463848, 85.047539, 38.364166]",37.414007,83.4219665
S1A_IW_GRDH_1SDV_20250804T120753_20250804T120818_060386_078178_3B5F_COG,2025-08-04 12:07:53.225014+00:00,sentinel-1a,IW_GRDH_1S,IW,"['VV', 'VH']",ascending,"[86.504684, 34.306332, 89.644943, 36.214241]",35.2602865,88.0748135
S1A_IW_GRDH_1SDV_20250806T114600_20250806T114629_060415_078279_E189_COG,2025-08-06 11:46:00.247611+00:00,sentinel-1a,IW_GRDH_1S,IW,"['VV', 'VH']",ascending,"[94.765915, 14.646515, 97.481979, 16.843393]",15.744954,96.123947
S1A_IW_GRDH_1SDV_20250806T235432_20250806T235457_060422_0782BF_6E5B_COG,2025-08-06 23:54:32.554661+00:00,sentinel-1a,IW_GRDH_1S,IW,"['VV', 'VH']",descending,"[89.606895, 28.608343, 92.497673, 30.520599]",29.564471,91.052284
S1A_IW_GRDH_1SDV_20250807T123012_20250807T123037_060430_07830D_3C9C_COG,2025-08-07 12:30:12.612310+00:00,sentinel-1a,IW_GRDH_1S,IW,"['VV', 'VH']",ascending,"[82.193008, 25.747236, 85.046356, 27.672651]",26.7099435,83.61968200000001
S1A_IW_GRDH_1SDV_20250809T011635_20250809T011700_060452_0783F6_995E_COG,2025-08-09 01:16:35.914524+00:00,sentinel-1a,IW_GRDH_1S,IW,"['VV', 'VH']",descending,"[69.235001, 29.429142, 72.19339, 31.347639]",30.3883905,70.71419549999999
S1A_IW_GRDH_1SDV_20250810T001957_20250810T002022_060466_07847D_A077_COG,2025-08-10 00:19:57.325394+00:00,sentinel-1a,IW_GRDH_1S,IW,"['VV', 'VH']",descending,"[82.987679, 25.964664, 85.810089, 27.889565]",26.9271145,84.39888400000001
S1A_IW_GRDH_1SDV_20250815T233318_20250815T233343_060553_0787EB_A938_COG,2025-08-15 23:33:18.257801+00:00,sentinel-1a,IW_GRDH_1S,IW,"['VV', 'VH']",descending,"[93.446503, 16.098886, 96.077301, 18.03985]",17.069368,94.761902
S1A_IW_GRDH_1SDV_20250821T011840_20250821T011905_060627_078ADA_A63A_COG,2025-08-21 01:18:40.888831+00:00,sentinel-1a,IW_GRDH_1S,IW,"['VV', 'VH']",descending,"[67.773117, 21.885702, 70.547981, 23.820562]",22.853132,69.160549
S1A_IW_GRDH_1SDV_20250823T005935_20250823T010000_060656_078BF5_BF00_COG,2025-08-23 00:59:35.040672+00:00,sentinel-1a,IW_GRDH_1S,IW,"['VV', 'VH']",descending,"[73.755844, 31.451483, 76.715027, 33.371643]",32.411563,75.2354355
S1A_IW_GRDH_1SDV_20250903T002022_20250903T002047_060816_079249_A920_COG,2025-09-03 00:20:22.395966+00:00,sentinel-1a,IW_GRDH_1S,IW,"['VV', 'VH']",descending,"[82.695145, 24.456028, 85.502121, 26.381258]",25.418643,84.098633
S1A_IW_GRDH_1SDV_20250903T002252_20250903T002318_060816_079249_423E_COG,2025-09-03 00:22:52.394777+00:00,sentinel-1a,IW_GRDH_1S,IW,"['VV', 'VH']",descending,"[80.933052, 15.33701, 83.591072, 17.340006]",16.338507999999997,82.262062
S1A_IW_GRDH_1SDV_20250913T003750_20250913T003815_060962_079823_ADD9_COG,2025-09-13 00:37:50.283404+00:00,sentinel-1a,IW_GRDH_1S,IW,"['VV', 'VH']",descending,"[77.874664, 20.838163, 80.607079, 22.773273]",21.805718,79.2408715
S1A_IW_GRDH_1SDV_20250918T004802_20250918T004827_061035_079B11_6750_COG,2025-09-18 00:48:02.416276+00:00,sentinel-1a,IW_GRDH_1S,IW,"['VV', 'VH']",descending,"[74.425171, 13.677095, 77.057739, 15.628672]",14.6528835,75.741455
S1A_IW_GRDH_1SDV_20250918T004917_20250918T004939_061035_079B11_5E94_COG,2025-09-18 00:49:17.416776+00:00,sentinel-1a,IW_GRDH_1S,IW,"['VV', 'VH']",descending,"[73.575356, 9.30263, 76.132973, 11.102937]",10.2027835,74.8541645
S1A_IW_GRDH_1SDV_20250919T122252_20250919T122317_061057_079BEA_219B_COG,2025-09-19 12:22:52.313029+00:00,sentinel-1a,IW_GRDH_1S,IW,"['VV', 'VH']",ascending,"[83.631516, 28.941259, 86.572311, 30.859707]",29.900483,85.1019135
S1A_IW_GRDH_1SDV_20250920T130235_20250920T130304_061072_079C87_3742_COG,2025-09-20 13:02:35.942091+00:00,sentinel-1a,IW_GRDH_1S,IW,"['VV', 'VH']",ascending,"[74.338669, 23.799032, 77.201424, 25.971611]",24.8853215,75.7700465
S1A_IW_GRDH_1SDV_20251001T012313_20251001T012338_061225_07A2BD_B6B2_COG,2025-10-01 01:23:13.531095+00:00,sentinel-1a,IW_GRDH_1S,IW,"['VV', 'VH']",descending,"[68.282143, 35.263241, 71.440582, 37.166668]",36.214954500000005,69.86136250000001
S1A_IW_GRDH_1SDV_20251001T121953_20251001T122022_061232_07A2FE_E3F1_COG,2025-10-01 12:19:53.214374+00:00,sentinel-1a,IW_GRDH_1S,IW,"['VV', 'VH']",ascending,"[85.816536, 18.11795, 88.578033, 20.305462]",19.211706,87.1972845
S1A_IW_GRDH_1SDV_20251002T002944_20251002T003009_061239_07A348_CB13_COG,2025-10-02 00:29:44.126340+00:00,sentinel-1a,IW_GRDH_1S,IW,"['VV', 'VH']",descending,"[79.845894, 20.382902, 82.572945, 22.317656]",21.350279,81.2094195
S1A_IW_GRDH_1SDV_20251002T233019_20251002T233048_061253_07A3D8_0C18_COG,2025-10-02 23:30:19.976755+00:00,sentinel-1a,IW_GRDH_1S,IW,"['VV', 'VH']",descending,"[95.477776, 26.672659, 98.311737, 28.838263]",27.755461,96.8947565
S1A_IW_GRDH_1SDV_20251004T001100_20251004T001125_061268_07A474_7ECB_COG,2025-10-04 00:11:00.675917+00:00,sentinel-1a,IW_GRDH_1S,IW,"['VV', 'VH']",descending,"[85.470749, 28.603695, 88.374237, 30.518806]",29.5612505,86.922493
S1A_IW_GRDH_1SDV_20251006T123038_20251006T123103_061305_07A5EB_B46D_COG,2025-10-06 12:30:38.695813+00:00,sentinel-1a,IW_GRDH_1S,IW,"['VV', 'VH']",ascending,"[81.90345, 27.255636, 84.75248, 29.184212]",28.219924,83.327965
S1A_IW_GRDH_1SDV_20251007T004135_20251007T004149_061312_07A638_4A68_COG,2025-10-07 00:41:35.809306+00:00,sentinel-1a,IW_GRDH_1S,IW,"['VV', 'VH']",descending,"[75.354599, 7.907792, 77.795052, 9.202911]",8.5553515,76.5748255
S1A_IW_GRDH_1SDV_20251007T234124_20251007T234140_061326_07A6C8_02C5_COG,2025-10-07 23:41:24.061015+00:00,sentinel-1a,IW_GRDH_1S,IW,"['VV', 'VH']",descending,"[91.596252, 17.185841, 94.135628, 18.598988]",17.8924145,92.86594
S1A_IW_GRDH_1SDV_20251009T232519_20251009T232544_061355_07A7F3_CEA6_COG,2025-10-09 23:25:19.048501+00:00,sentinel-1a,IW_GRDH_1S,IW,"['VV', 'VH']",descending,"[95.350655, 15.309377, 97.969086, 17.252087]",16.280732,96.6598705
S1A_IW_GRDH_1SDV_20251014T130600_20251014T130625_061422_07AAA4_37BF_COG,2025-10-14 13:06:00.214223+00:00,sentinel-1a,IW_GRDH_1S,IW,"['VV', 'VH']",ascending,"[71.660439, 36.105587, 74.838158, 38.011589]",37.058588,73.24929850000001
S1A_IW_GRDH_1SDV_20251015T120549_20251015T120614_061436_07AB35_69A3_COG,2025-10-15 12:05:49.189708+00:00,sentinel-1a,IW_GRDH_1S,IW,"['VV', 'VH']",ascending,"[88.212097, 26.759443, 91.035278, 28.694639]",27.727041,89.6236875
S1A_IW_GRDH_1SDV_20251017T005454_20251017T005519_061458_07AC11_9504_COG,2025-10-17 00:54:54.075869+00:00,sentinel-1a,IW_GRDH_1S,IW,"['VV', 'VH']",descending,"[73.338234, 18.666796, 76.03511, 20.606028]",19.636412,74.686672
S1A_IW_GRDH_1SDV_20251029T005633_20251029T005656_061633_07B319_FFF1_COG,2025-10-29 00:56:33.673687+00:00,sentinel-1a,IW_GRDH_1S,IW,"['VV', 'VH']",descending,"[72.20034, 12.762003, 74.790215, 14.5743]",13.6681515,73.4952775
